Workbook

Sheet 2026 Puntos
D1: Amarilla - Llego Tarde
D2: Roja - Llego Tarde o No pago
D3: Cupo ExPat
F4: 46002 | H4: =F$4+7 -> 46009 | N4: =H$4+7 -> 46016 | R4: =N$4+7 -> 46023 | V4: =R$4+7 -> 46030 | AB4: =V$4+7 -> 46037 | AH4: =AB$4+7 -> 46044 | AN4: =AH$4+7 -> 46051 | AT4: =AN$4+7 -> 46058 | AZ4: =AT$4+7 -> 46065 | BF4: =AZ$4+7 -> 46072 | BL4: =BF$4+7 -> 46079 | BR4: =BL$4+7 -> 46086 | BX4: =BR$4+7 -> 46093 | CD4: =BX$4+7 -> 46100 | CJ4: =CD$4+7 -> 46107 | CP4: =CJ$4+7 -> 46114 | CV4: =CP$4+7 -> 46121 | DB4: =CV$4+7 -> 46128 | DH4: =DB$4+7 -> 46135 | DN4: =DH$4+7 -> 46142 | DT4: =DN$4+7 -> 46149 | DZ4: =DT$4+7 -> 46156 | EF4: =DZ$4+7 -> 46163 | EL4: =EF$4+7 -> 46170 | ER4: =EL$4+7 -> 46177 | EX4: =ER$4+7 -> 46184 | FD4: =EX$4+7 -> 46191 | FJ4: =FD$4+7 -> 46198 | FP4: =FJ$4+7 -> 46205 | FV4: =FP$4+7 -> 46212 | GB4: =FV$4+7 -> 46219 | GH4: =GB$4+7 -> 46226 | GN4: =GH$4+7 -> 46233 | GT4: =GN$4+7 -> 46240 | GZ4: =GT$4+7 -> 46247 | HF4: =GZ$4+7 -> 46254 | HL4: =HF$4+7 -> 46261 | HR4: =HL$4+7 -> 46268 | HX4: =HR$4+7 -> 46275 | ID4: =HX$4+7 -> 46282 | IJ4: =ID$4+7 -> 46289
A5: Galactico | B5: Bullying | C5: Posicion | D5: TDP | E5: Puntos | F5: Sede | G5: Pts | H5: RSVP | I5: Jugo | J5: Sede | K5: Pts | L5: Pago | M5: PtosFecha | N5: RSVP | O5: Jugo | P5: Sede | Q5: Pts | R5: RSVP | S5: Jugo | T5: Sede | U5: Pts | V5: RSVP | W5: Jugo | X5: Sede | Y5: Pts | Z5: Pago | AA5: PtosFecha | AB5: RSVP | AC5: Jugo | AD5: Sede | AE5: Pts | AF5: Pago | AG5: PtosFecha | AH5: RSVP | AI5: Jugo | AJ5: Sede | AK5: Pts | AL5: Pago/Tarde | AM5: PtosFecha | AN5: RSVP | AO5: Jugo | AP5: Sede | AQ5: Pts | AR5: Pago/Tarde | AS5: PtosFecha | AT5: RSVP | AU5: Jugo | AV5: Sede | AW5: Pts | AX5: Pago/Tarde | AY5: PtosFecha | AZ5: RSVP | BA5: Jugo | BB5: Sede | BC5: Pts | BD5: Pago/Tarde | BE5: PtosFecha | BF5: RSVP | BG5: Jugo | BH5: Sede | BI5: Pts | BJ5: Pago/Tarde | BK5: PtosFecha | BL5: RSVP | BM5: Jugo | BN5: Sede | BO5: Pts | BP5: Pago/Tarde | BQ5: PtosFecha | BR5: RSVP | BS5: Jugo | BT5: Sede | BU5: Pts | BV5: Pago/Tarde | BW5: PtosFecha | BX5: RSVP | BY5: Jugo | BZ5: Sede | CA5: Pts | CB5: Pago/Tarde | CC5: PtosFecha | CD5: RSVP | CE5: Jugo | CF5: Sede | CG5: Pts | CH5: Pago/Tarde | CI5: PtosFecha | CJ5: RSVP | CK5: Jugo | CL5: Sede | CM5: Pts | CN5: Pago/Tarde | CO5: PtosFecha | CP5: RSVP | CQ5: Jugo | CR5: Sede | CS5: Pts | CT5: Pago/Tarde | CU5: PtosFecha | CV5: RSVP | CW5: Jugo | CX5: Sede | CY5: Pts | CZ5: Pago/Tarde | DA5: PtosFecha | DB5: RSVP | DC5: Jugo | DD5: Sede | DE5: Pts | DF5: Pago/Tarde | DG5: PtosFecha | DH5: RSVP | DI5: Jugo | DJ5: Sede | DK5: Pts | DL5: Pago/Tarde | DM5: PtosFecha | DN5: RSVP | DO5: Jugo | DP5: Sede | DQ5: Pts | DR5: Pago/Tarde | DS5: PtosFecha | DT5: RSVP | DU5: Jugo | DV5: Sede | DW5: Pts | DX5: Pago/Tarde | DY5: PtosFecha | DZ5: RSVP | EA5: Jugo | EB5: Sede | EC5: Pts | ED5: Pago/Tarde | EE5: PtosFecha | EF5: RSVP | EG5: Jugo | EH5: Sede | EI5: Pts | EJ5: Pago/Tarde | EK5: PtosFecha | EL5: RSVP | EM5: Jugo | EN5: Sede | EO5: Pts | EP5: Pago/Tarde | EQ5: PtosFecha | ER5: RSVP | ES5: Jugo | ET5: Sede | EU5: Pts | EV5: Pago/Tarde | EW5: PtosFecha | EX5: RSVP | EY5: Jugo | EZ5: Sede | FA5: Pts | FB5: Pago/Tarde | FC5: PtosFecha | FD5: RSVP | FE5: Jugo | FF5: Sede | FG5: Pts | FH5: Pago/Tarde | FI5: PtosFecha | FJ5: RSVP | FK5: Jugo | FL5: Sede | FM5: Pts | FN5: Pago/Tarde | FO5: PtosFecha | FP5: RSVP | FQ5: Jugo | FR5: Sede | FS5: Pts | FT5: Pago/Tarde | FU5: PtosFecha | FV5: RSVP | FW5: Jugo | FX5: Sede | FY5: Pts | FZ5: Pago/Tarde | GA5: PtosFecha | GB5: RSVP | GC5: Jugo | GD5: Sede | GE5: Pts | GF5: Pago/Tarde | GG5: PtosFecha | GH5: RSVP | GI5: Jugo | GJ5: Sede | GK5: Pts | GL5: Pago/Tarde | GM5: PtosFecha | GN5: RSVP | GO5: Jugo | GP5: Sede | GQ5: Pts | GR5: Pago/Tarde | GS5: PtosFecha | GT5: RSVP | GU5: Jugo | GV5: Sede | GW5: Pts | GX5: Pago/Tarde | GY5: PtosFecha | GZ5: RSVP | HA5: Jugo | HB5: Sede | HC5: Pts | HD5: Pago/Tarde | HE5: PtosFecha | HF5: RSVP | HG5: Jugo | HH5: Sede | HI5: Pts | HJ5: Pago/Tarde | HK5: PtosFecha | HL5: RSVP | HM5: Jugo | HN5: Sede | HO5: Pts | HP5: Pago/Tarde | HQ5: PtosFecha | HR5: RSVP | HS5: Jugo | HT5: Sede | HU5: Pts | HV5: Pago/Tarde | HW5: PtosFecha | HX5: RSVP | HY5: Jugo | HZ5: Sede | IA5: Pts | IB5: Pago/Tarde | IC5: PtosFecha | ID5: RSVP | IE5: Jugo | IF5: Sede | IG5: Pts | IH5: Pago/Tarde | II5: PtosFecha | IJ5: RSVP | IK5: Jugo | IL5: Sede | IM5: Pts | IN5: Pago/Tarde | IO5: PtosFecha
A6: Pato | B6: Presi | C6: =countA($A$6:A6) -> 1 | D6: =VLOOKUP(A6,TDP!A:C,3,FALSE) -> 0.54 | E6: =(1+$D6)*sum($G6,$M6,$Q6,$U6,$AA6,$AG6,$AM6,$AS6,$AY6,$BE6,$BK6,$BQ6,$BW6,$CC6,$CI6,$CO6,$CU6,$DA6,$DG6,$DM6,$DS6,$DY6,$EE6,$EK6,$EQ6,$EW6,$FC6,$FI6,$FO6,$FU6,$GA6,$GG6,$GM6,$GS6,$GY6,$HE6,$HK6,$HQ6,$HW6,$IC6,$II6,$IO6) -> 227.92 | F6: 1 | G6: =if(F6=1, 7, 0 ) -> 7 | K6: =if( H6=1, if( I6=1, if( J6=1, 5, 3), if( J6=1, 1, -3 ) ), if(I6=1,if(J6=1, -1, -2 ), if(J6=1, 7, 0 ) ) ) -> 0 | M6: =if(I6=0,K6,K6*L6) -> 0 | Q6: =if( N6=1, if( O6=1, if( P6=1, 5, 3), if( P6=1, 1, -3 ) ), if(O6=1,if(P6=1, -1, -2 ), if(P6=1, 7, 0 ) ) ) -> 0 | U6: =if( R6=1, if( S6=1, if( T6=1, 5, 3), if( T6=1, 1, -3 ) ), if(S6=1,if(T6=1, -1, -2 ), if(T6=1, 7, 0 ) ) ) -> 0 | V6: 1 | W6: 1 | X6: 1 | Y6: =if( V6=1, if( W6=1, if( X6=1, 5, 3), if( X6=1, 1, -3 ) ), if(W6=1,if(X6=1, -1, -2 ), if(X6=1, 7, 0 ) ) ) -> 5 | Z6: 1 | AA6: =if(W6=0,Y6,Y6*Z6) -> 5 | AB6: 1 | AC6: 1 | AD6: 1 | AE6: =if( AB6=1, if( AC6=1, if( AD6=1, 5, 3), if( AD6=1, 1, -3 ) ), if(AC6=1,if(AD6=1, -1, -2 ), if(AD6=1, 7, 0 ) ) ) -> 5 | AF6: 1 | AG6: =if(AC6=0,AE6,AE6*AF6) -> 5 | AH6: 1 | AI6: 1 | AJ6: 1 | AK6: =if( AH6=1, if( AI6=1, if( AJ6=1, 5, 3), if( AJ6=1, 1, -3 ) ), if(AI6=1,if(AJ6=1, -1, -2 ), if(AJ6=1, 7, 0 ) ) ) -> 5 | AL6: 1 | AM6: =if(AI6=0,AK6,AK6*AL6) -> 5 | AN6: 1 | AO6: 1 | AP6: 1 | AQ6: =if( AN6=1, if( AO6=1, if( AP6=1, 5, 3), if( AP6=1, 1, -3 ) ), if(AO6=1,if(AP6=1, -1, -2 ), if(AP6=1, 7, 0 ) ) ) -> 5 | AR6: 1 | AS6: =if(AO6=0,AQ6,AQ6*AR6) -> 5 | AT6: 1 | AU6: 1 | AV6: 1 | AW6: =if( AT6=1, if( AU6=1, if( AV6=1, 5, 3), if( AV6=1, 1, -3 ) ), if(AU6=1,if(AV6=1, -1, -2 ), if(AV6=1, 7, 0 ) ) ) -> 5 | AX6: 1 | AY6: =if(AU6=0,AW6,AW6*AX6) -> 5 | AZ6: 1 | BA6: 1 | BB6: 1 | BC6: =if( AZ6=1, if( BA6=1, if( BB6=1, 5, 3), if( BB6=1, 1, -3 ) ), if(BA6=1,if(BB6=1, -1, -2 ), if(BB6=1, 7, 0 ) ) ) -> 5 | BD6: 1 | BE6: =if(BA6=0,BC6,BC6*BD6) -> 5 | BF6: 1 | BG6: 1 | BH6: 1 | BI6: =if( BF6=1, if( BG6=1, if( BH6=1, 5, 3), if( BH6=1, 1, -3 ) ), if(BG6=1,if(BH6=1, -1, -2 ), if(BH6=1, 7, 0 ) ) ) -> 5 | BJ6: 1 | BK6: =if(BG6=0,BI6,BI6*BJ6) -> 5 | BL6: 1 | BM6: 1 | BO6: =if( BL6=1, if( BM6=1, if( BN6=1, 5, 3), if( BN6=1, 1, -3 ) ), if(BM6=1,if(BN6=1, -1, -2 ), if(BN6=1, 7, 0 ) ) ) -> 3 | BP6: 1 | BQ6: =if(BM6=0,BO6,BO6*BP6) -> 3 | BR6: 1 | BS6: 1 | BT6: 1 | BU6: =if( BR6=1, if( BS6=1, if( BT6=1, 5, 3), if( BT6=1, 1, -3 ) ), if(BS6=1,if(BT6=1, -1, -2 ), if(BT6=1, 7, 0 ) ) ) -> 5 | BV6: 1 | BW6: =if(BS6=0,BU6,BU6*BV6) -> 5 | BX6: 1 | BY6: 1 | BZ6: 1 | CA6: =if( BX6=1, if( BY6=1, if( BZ6=1, 5, 3), if( BZ6=1, 1, -3 ) ), if(BY6=1,if(BZ6=1, -1, -2 ), if(BZ6=1, 7, 0 ) ) ) -> 5 | CB6: 1 | CC6: =if(BY6=0,CA6,CA6*CB6) -> 5 | CD6: 1 | CE6: 1 | CF6: 1 | CG6: =if( CD6=1, if( CE6=1, if( CF6=1, 5, 3), if( CF6=1, 1, -3 ) ), if(CE6=1,if(CF6=1, -1, -2 ), if(CF6=1, 7, 0 ) ) ) -> 5 | CH6: 1 | CI6: =if(CE6=0,CG6,CG6*CH6) -> 5 | CJ6: 1 | CK6: 1 | CL6: 1 | CM6: =if( CJ6=1, if( CK6=1, if( CL6=1, 5, 3), if( CL6=1, 1, -3 ) ), if(CK6=1,if(CL6=1, -1, -2 ), if(CL6=1, 7, 0 ) ) ) -> 5 | CN6: 1 | CO6: =if(CK6=0,CM6,CM6*CN6) -> 5 | CP6: 1 | CQ6: 1 | CR6: 1 | CS6: =if( CP6=1, if( CQ6=1, if( CR6=1, 5, 3), if( CR6=1, 1, -3 ) ), if(CQ6=1,if(CR6=1, -1, -2 ), if(CR6=1, 7, 0 ) ) ) -> 5 | CT6: 1 | CU6: =if(CQ6=0,CS6,CS6*CT6) -> 5 | CV6: 1 | CW6: 1 | CX6: 1 | CY6: =if( CV6=1, if( CW6=1, if( CX6=1, 5, 3), if( CX6=1, 1, -3 ) ), if(CW6=1,if(CX6=1, -1, -2 ), if(CX6=1, 7, 0 ) ) ) -> 5 | CZ6: 1 | DA6: =if(CW6=0,CY6,CY6*CZ6) -> 5 | DB6: 1 | DC6: 1 | DD6: 1 | DE6: =if( DB6=1, if( DC6=1, if( DD6=1, 5, 3), if( DD6=1, 1, -3 ) ), if(DC6=1,if(DD6=1, -1, -2 ), if(DD6=1, 7, 0 ) ) ) -> 5 | DF6: 1 | DG6: =if(DC6=0,DE6,DE6*DF6) -> 5 | DH6: 1 | DI6: 1 | DJ6: 1 | DK6: =if( DH6=1, if( DI6=1, if( DJ6=1, 5, 3), if( DJ6=1, 1, -3 ) ), if(DI6=1,if(DJ6=1, -1, -2 ), if(DJ6=1, 7, 0 ) ) ) -> 5 | DL6: 1 | DM6: =if(DI6=0,DK6,DK6*DL6) -> 5 | DN6: 1 | DO6: 1 | DP6: 1 | DQ6: =if( DN6=1, if( DO6=1, if( DP6=1, 5, 3), if( DP6=1, 1, -3 ) ), if(DO6=1,if(DP6=1, -1, -2 ), if(DP6=1, 7, 0 ) ) ) -> 5 | DR6: 1 | DS6: =if(DO6=0,DQ6,DQ6*DR6) -> 5 | DT6: 1 | DU6: 1 | DV6: 1 | DW6: =if( DT6=1, if( DU6=1, if( DV6=1, 5, 3), if( DV6=1, 1, -3 ) ), if(DU6=1,if(DV6=1, -1, -2 ), if(DV6=1, 7, 0 ) ) ) -> 5 | DX6: 1 | DY6: =if(DU6=0,DW6,DW6*DX6) -> 5 | EC6: =if( DZ6=1, if( EA6=1, if( EB6=1, 5, 3), if( EB6=1, 1, -3 ) ), if(EA6=1,if(EB6=1, -1, -2 ), if(EB6=1, 7, 0 ) ) ) -> 0 | ED6: 1 | EE6: =if(EA6=0,EC6,EC6*ED6) -> 0 | EF6: 1 | EG6: 1 | EH6: 1 | EI6: =if( EF6=1, if( EG6=1, if( EH6=1, 5, 3), if( EH6=1, 1, -3 ) ), if(EG6=1,if(EH6=1, -1, -2 ), if(EH6=1, 7, 0 ) ) ) -> 5 | EJ6: 1 | EK6: =if(EG6=0,EI6,EI6*EJ6) -> 5 | EL6: 1 | EM6: 1 | EN6: 1 | EO6: =if( EL6=1, if( EM6=1, if( EN6=1, 5, 3), if( EN6=1, 1, -3 ) ), if(EM6=1,if(EN6=1, -1, -2 ), if(EN6=1, 7, 0 ) ) ) -> 5 | EP6: 1 | EQ6: =if(EM6=0,EO6,EO6*EP6) -> 5 | ER6: 1 | ES6: 1 | EU6: =if( ER6=1, if( ES6=1, if( ET6=1, 5, 3), if( ET6=1, 1, -3 ) ), if(ES6=1,if(ET6=1, -1, -2 ), if(ET6=1, 7, 0 ) ) ) -> 3 | EV6: 1 | EW6: =if(ES6=0,EU6,EU6*EV6) -> 3 | EX6: 1 | EY6: 1 | EZ6: 1 | FA6: =if( EX6=1, if( EY6=1, if( EZ6=1, 5, 3), if( EZ6=1, 1, -3 ) ), if(EY6=1,if(EZ6=1, -1, -2 ), if(EZ6=1, 7, 0 ) ) ) -> 5 | FB6: 1 | FC6: =if(EY6=0,FA6,FA6*FB6) -> 5 | FG6: =if( FD6=1, if( FE6=1, if( FF6=1, 5, 3), if( FF6=1, 1, -3 ) ), if(FE6=1,if(FF6=1, -1, -2 ), if(FF6=1, 7, 0 ) ) ) -> 0 | FH6: 1 | FI6: =if(FE6=0,FG6,FG6*FH6) -> 0 | FM6: =if( FJ6=1, if( FK6=1, if( FL6=1, 5, 3), if( FL6=1, 1, -3 ) ), if(FK6=1,if(FL6=1, -1, -2 ), if(FL6=1, 7, 0 ) ) ) -> 0 | FN6: 1 | FO6: =if(FK6=0,FM6,FM6*FN6) -> 0 | FP6: 1 | FQ6: 1 | FR6: 1 | FS6: =if( FP6=1, if( FQ6=1, if( FR6=1, 5, 3), if( FR6=1, 1, -3 ) ), if(FQ6=1,if(FR6=1, -1, -2 ), if(FR6=1, 7, 0 ) ) ) -> 5 | FT6: 1 | FU6: =if(FQ6=0,FS6,FS6*FT6) -> 5 | FV6: 1 | FW6: 1 | FX6: 1 | FY6: =if( FV6=1, if( FW6=1, if( FX6=1, 5, 3), if( FX6=1, 1, -3 ) ), if(FW6=1,if(FX6=1, -1, -2 ), if(FX6=1, 7, 0 ) ) ) -> 5 | FZ6: 1 | GA6: =if(FW6=0,FY6,FY6*FZ6) -> 5 | GB6: 1 | GC6: 1 | GD6: 1 | GE6: =if( GB6=1, if( GC6=1, if( GD6=1, 5, 3), if( GD6=1, 1, -3 ) ), if(GC6=1,if(GD6=1, -1, -2 ), if(GD6=1, 7, 0 ) ) ) -> 5 | GF6: 1 | GG6: =if(GC6=0,GE6,GE6*GF6) -> 5 | GH6: 1 | GI6: 1 | GJ6: 1 | GK6: =if( GH6=1, if( GI6=1, if( GJ6=1, 5, 3), if( GJ6=1, 1, -3 ) ), if(GI6=1,if(GJ6=1, -1, -2 ), if(GJ6=1, 7, 0 ) ) ) -> 5 | GL6: 1 | GM6: =if(GI6=0,GK6,GK6*GL6) -> 5 | GQ6: =if( GN6=1, if( GO6=1, if( GP6=1, 5, 3), if( GP6=1, 1, -3 ) ), if(GO6=1,if(GP6=1, -1, -2 ), if(GP6=1, 7, 0 ) ) ) -> 0 | GR6: 1 | GS6: =if(GO6=0,GQ6,GQ6*GR6) -> 0 | GT6: 1 | GU6: 1 | GV6: 1 | GW6: =if( GT6=1, if( GU6=1, if( GV6=1, 5, 3), if( GV6=1, 1, -3 ) ), if(GU6=1,if(GV6=1, -1, -2 ), if(GV6=1, 7, 0 ) ) ) -> 5 | GX6: 1 | GY6: =if(GU6=0,GW6,GW6*GX6) -> 5 | GZ6: 1 | HA6: 1 | HB6: 1 | HC6: =if( GZ6=1, if( HA6=1, if( HB6=1, 5, 3), if( HB6=1, 1, -3 ) ), if(HA6=1,if(HB6=1, -1, -2 ), if(HB6=1, 7, 0 ) ) ) -> 5 | HD6: 1 | HE6: =if(HA6=0,HC6,HC6*HD6) -> 5 | HF6: 1 | HG6: 1 | HH6: 1 | HI6: =if( HF6=1, if( HG6=1, if( HH6=1, 5, 3), if( HH6=1, 1, -3 ) ), if(HG6=1,if(HH6=1, -1, -2 ), if(HH6=1, 7, 0 ) ) ) -> 5 | HJ6: 1 | HK6: =if(HG6=0,HI6,HI6*HJ6) -> 5 | HO6: =if( HL6=1, if( HM6=1, if( HN6=1, 5, 3), if( HN6=1, 1, -3 ) ), if(HM6=1,if(HN6=1, -1, -2 ), if(HN6=1, 7, 0 ) ) ) -> 0 | HP6: 1 | HQ6: =if(HM6=0,HO6,HO6*HP6) -> 0 | HU6: =if( HR6=1, if( HS6=1, if( HT6=1, 5, 3), if( HT6=1, 1, -3 ) ), if(HS6=1,if(HT6=1, -1, -2 ), if(HT6=1, 7, 0 ) ) ) -> 0 | HV6: 1 | HW6: =if(HS6=0,HU6,HU6*HV6) -> 0 | IA6: =if( HX6=1, if( HY6=1, if( HZ6=1, 5, 3), if( HZ6=1, 1, -3 ) ), if(HY6=1,if(HZ6=1, -1, -2 ), if(HZ6=1, 7, 0 ) ) ) -> 0 | IB6: 1 | IC6: =if(HY6=0,IA6,IA6*IB6) -> 0 | IG6: =if( ID6=1, if( IE6=1, if( IF6=1, 5, 3), if( IF6=1, 1, -3 ) ), if(IE6=1,if(IF6=1, -1, -2 ), if(IF6=1, 7, 0 ) ) ) -> 0 | IH6: 1 | II6: =if(IE6=0,IG6,IG6*IH6) -> 0 | IM6: =if( IJ6=1, if( IK6=1, if( IL6=1, 5, 3), if( IL6=1, 1, -3 ) ), if(IK6=1,if(IL6=1, -1, -2 ), if(IL6=1, 7, 0 ) ) ) -> 0 | IN6: 1 | IO6: =if(IK6=0,IM6,IM6*IN6) -> 0
A7: Javier T | B7: No Pipita | C7: =countA($A$6:A7) -> 2 | D7: =VLOOKUP(A7,TDP!A:C,3,FALSE) -> 0.41 | E7: =(1+$D7)*sum($G7,$M7,$Q7,$U7,$AA7,$AG7,$AM7,$AS7,$AY7,$BE7,$BK7,$BQ7,$BW7,$CC7,$CI7,$CO7,$CU7,$DA7,$DG7,$DM7,$DS7,$DY7,$EE7,$EK7,$EQ7,$EW7,$FC7,$FI7,$FO7,$FU7,$GA7,$GG7,$GM7,$GS7,$GY7,$HE7,$HK7,$HQ7,$HW7,$IC7,$II7,$IO7) -> 197.4 | F7: 1 | G7: =if(F7=1, 7, 0 ) -> 7 | H7: 1 | I7: 1 | J7: 1 | K7: =if( H7=1, if( I7=1, if( J7=1, 5, 3), if( J7=1, 1, -3 ) ), if(I7=1,if(J7=1, -1, -2 ), if(J7=1, 7, 0 ) ) ) -> 5 | L7: 1 | M7: =if(I7=0,K7,K7*L7) -> 5 | Q7: =if( N7=1, if( O7=1, if( P7=1, 5, 3), if( P7=1, 1, -3 ) ), if(O7=1,if(P7=1, -1, -2 ), if(P7=1, 7, 0 ) ) ) -> 0 | U7: =if( R7=1, if( S7=1, if( T7=1, 5, 3), if( T7=1, 1, -3 ) ), if(S7=1,if(T7=1, -1, -2 ), if(T7=1, 7, 0 ) ) ) -> 0 | V7: 1 | W7: 1 | X7: 1 | Y7: =if( V7=1, if( W7=1, if( X7=1, 5, 3), if( X7=1, 1, -3 ) ), if(W7=1,if(X7=1, -1, -2 ), if(X7=1, 7, 0 ) ) ) -> 5 | Z7: 1 | AA7: =if(W7=0,Y7,Y7*Z7) -> 5 | AB7: 1 | AC7: 1 | AD7: 1 | AE7: =if( AB7=1, if( AC7=1, if( AD7=1, 5, 3), if( AD7=1, 1, -3 ) ), if(AC7=1,if(AD7=1, -1, -2 ), if(AD7=1, 7, 0 ) ) ) -> 5 | AF7: 1 | AG7: =if(AC7=0,AE7,AE7*AF7) -> 5 | AH7: 1 | AI7: 1 | AJ7: 1 | AK7: =if( AH7=1, if( AI7=1, if( AJ7=1, 5, 3), if( AJ7=1, 1, -3 ) ), if(AI7=1,if(AJ7=1, -1, -2 ), if(AJ7=1, 7, 0 ) ) ) -> 5 | AL7: 1 | AM7: =if(AI7=0,AK7,AK7*AL7) -> 5 | AN7: 1 | AO7: 1 | AP7: 1 | AQ7: =if( AN7=1, if( AO7=1, if( AP7=1, 5, 3), if( AP7=1, 1, -3 ) ), if(AO7=1,if(AP7=1, -1, -2 ), if(AP7=1, 7, 0 ) ) ) -> 5 | AR7: 1 | AS7: =if(AO7=0,AQ7,AQ7*AR7) -> 5 | AT7: 1 | AU7: 1 | AV7: 1 | AW7: =if( AT7=1, if( AU7=1, if( AV7=1, 5, 3), if( AV7=1, 1, -3 ) ), if(AU7=1,if(AV7=1, -1, -2 ), if(AV7=1, 7, 0 ) ) ) -> 5 | AX7: 1 | AY7: =if(AU7=0,AW7,AW7*AX7) -> 5 | AZ7: 1 | BA7: 1 | BB7: 1 | BC7: =if( AZ7=1, if( BA7=1, if( BB7=1, 5, 3), if( BB7=1, 1, -3 ) ), if(BA7=1,if(BB7=1, -1, -2 ), if(BB7=1, 7, 0 ) ) ) -> 5 | BD7: 1 | BE7: =if(BA7=0,BC7,BC7*BD7) -> 5 | BF7: 1 | BG7: 1 | BH7: 1 | BI7: =if( BF7=1, if( BG7=1, if( BH7=1, 5, 3), if( BH7=1, 1, -3 ) ), if(BG7=1,if(BH7=1, -1, -2 ), if(BH7=1, 7, 0 ) ) ) -> 5 | BJ7: 1 | BK7: =if(BG7=0,BI7,BI7*BJ7) -> 5 | BL7: 1 | BM7: 1 | BN7: 1 | BO7: =if( BL7=1, if( BM7=1, if( BN7=1, 5, 3), if( BN7=1, 1, -3 ) ), if(BM7=1,if(BN7=1, -1, -2 ), if(BN7=1, 7, 0 ) ) ) -> 5 | BP7: 1 | BQ7: =if(BM7=0,BO7,BO7*BP7) -> 5 | BR7: 1 | BS7: 1 | BT7: 1 | BU7: =if( BR7=1, if( BS7=1, if( BT7=1, 5, 3), if( BT7=1, 1, -3 ) ), if(BS7=1,if(BT7=1, -1, -2 ), if(BT7=1, 7, 0 ) ) ) -> 5 | BV7: 1 | BW7: =if(BS7=0,BU7,BU7*BV7) -> 5 | BX7: 1 | BY7: 1 | BZ7: 1 | CA7: =if( BX7=1, if( BY7=1, if( BZ7=1, 5, 3), if( BZ7=1, 1, -3 ) ), if(BY7=1,if(BZ7=1, -1, -2 ), if(BZ7=1, 7, 0 ) ) ) -> 5 | CB7: 1 | CC7: =if(BY7=0,CA7,CA7*CB7) -> 5 | CD7: 1 | CE7: 1 | CF7: 1 | CG7: =if( CD7=1, if( CE7=1, if( CF7=1, 5, 3), if( CF7=1, 1, -3 ) ), if(CE7=1,if(CF7=1, -1, -2 ), if(CF7=1, 7, 0 ) ) ) -> 5 | CH7: 1 | CI7: =if(CE7=0,CG7,CG7*CH7) -> 5 | CJ7: 1 | CK7: 1 | CL7: 1 | CM7: =if( CJ7=1, if( CK7=1, if( CL7=1, 5, 3), if( CL7=1, 1, -3 ) ), if(CK7=1,if(CL7=1, -1, -2 ), if(CL7=1, 7, 0 ) ) ) -> 5 | CN7: 1 | CO7: =if(CK7=0,CM7,CM7*CN7) -> 5 | CP7: 1 | CQ7: 1 | CR7: 1 | CS7: =if( CP7=1, if( CQ7=1, if( CR7=1, 5, 3), if( CR7=1, 1, -3 ) ), if(CQ7=1,if(CR7=1, -1, -2 ), if(CR7=1, 7, 0 ) ) ) -> 5 | CT7: 1 | CU7: =if(CQ7=0,CS7,CS7*CT7) -> 5 | CV7: 1 | CW7: 1 | CX7: 1 | CY7: =if( CV7=1, if( CW7=1, if( CX7=1, 5, 3), if( CX7=1, 1, -3 ) ), if(CW7=1,if(CX7=1, -1, -2 ), if(CX7=1, 7, 0 ) ) ) -> 5 | CZ7: 1 | DA7: =if(CW7=0,CY7,CY7*CZ7) -> 5 | DB7: 1 | DC7: 1 | DD7: 1 | DE7: =if( DB7=1, if( DC7=1, if( DD7=1, 5, 3), if( DD7=1, 1, -3 ) ), if(DC7=1,if(DD7=1, -1, -2 ), if(DD7=1, 7, 0 ) ) ) -> 5 | DF7: 1 | DG7: =if(DC7=0,DE7,DE7*DF7) -> 5 | DK7: =if( DH7=1, if( DI7=1, if( DJ7=1, 5, 3), if( DJ7=1, 1, -3 ) ), if(DI7=1,if(DJ7=1, -1, -2 ), if(DJ7=1, 7, 0 ) ) ) -> 0 | DM7: =if(DI7=0,DK7,DK7*DL7) -> 0 | DQ7: =if( DN7=1, if( DO7=1, if( DP7=1, 5, 3), if( DP7=1, 1, -3 ) ), if(DO7=1,if(DP7=1, -1, -2 ), if(DP7=1, 7, 0 ) ) ) -> 0 | DR7: 1 | DS7: =if(DO7=0,DQ7,DQ7*DR7) -> 0 | DW7: =if( DT7=1, if( DU7=1, if( DV7=1, 5, 3), if( DV7=1, 1, -3 ) ), if(DU7=1,if(DV7=1, -1, -2 ), if(DV7=1, 7, 0 ) ) ) -> 0 | DX7: 1 | DY7: =if(DU7=0,DW7,DW7*DX7) -> 0 | DZ7: 1 | EA7: 1 | EC7: =if( DZ7=1, if( EA7=1, if( EB7=1, 5, 3), if( EB7=1, 1, -3 ) ), if(EA7=1,if(EB7=1, -1, -2 ), if(EB7=1, 7, 0 ) ) ) -> 3 | ED7: 1 | EE7: =if(EA7=0,EC7,EC7*ED7) -> 3 | EF7: 1 | EG7: 1 | EH7: 1 | EI7: =if( EF7=1, if( EG7=1, if( EH7=1, 5, 3), if( EH7=1, 1, -3 ) ), if(EG7=1,if(EH7=1, -1, -2 ), if(EH7=1, 7, 0 ) ) ) -> 5 | EJ7: 1 | EK7: =if(EG7=0,EI7,EI7*EJ7) -> 5 | EL7: 1 | EM7: 1 | EN7: 1 | EO7: =if( EL7=1, if( EM7=1, if( EN7=1, 5, 3), if( EN7=1, 1, -3 ) ), if(EM7=1,if(EN7=1, -1, -2 ), if(EN7=1, 7, 0 ) ) ) -> 5 | EP7: 1 | EQ7: =if(EM7=0,EO7,EO7*EP7) -> 5 | ER7: 1 | ES7: 1 | ET7: 1 | EU7: =if( ER7=1, if( ES7=1, if( ET7=1, 5, 3), if( ET7=1, 1, -3 ) ), if(ES7=1,if(ET7=1, -1, -2 ), if(ET7=1, 7, 0 ) ) ) -> 5 | EV7: 1 | EW7: =if(ES7=0,EU7,EU7*EV7) -> 5 | EX7: 1 | EY7: 1 | EZ7: 1 | FA7: =if( EX7=1, if( EY7=1, if( EZ7=1, 5, 3), if( EZ7=1, 1, -3 ) ), if(EY7=1,if(EZ7=1, -1, -2 ), if(EZ7=1, 7, 0 ) ) ) -> 5 | FB7: 1 | FC7: =if(EY7=0,FA7,FA7*FB7) -> 5 | FG7: =if( FD7=1, if( FE7=1, if( FF7=1, 5, 3), if( FF7=1, 1, -3 ) ), if(FE7=1,if(FF7=1, -1, -2 ), if(FF7=1, 7, 0 ) ) ) -> 0 | FH7: 1 | FI7: =if(FE7=0,FG7,FG7*FH7) -> 0 | FM7: =if( FJ7=1, if( FK7=1, if( FL7=1, 5, 3), if( FL7=1, 1, -3 ) ), if(FK7=1,if(FL7=1, -1, -2 ), if(FL7=1, 7, 0 ) ) ) -> 0 | FN7: 1 | FO7: =if(FK7=0,FM7,FM7*FN7) -> 0 | FP7: 1 | FQ7: 1 | FR7: 1 | FS7: =if( FP7=1, if( FQ7=1, if( FR7=1, 5, 3), if( FR7=1, 1, -3 ) ), if(FQ7=1,if(FR7=1, -1, -2 ), if(FR7=1, 7, 0 ) ) ) -> 5 | FT7: 1 | FU7: =if(FQ7=0,FS7,FS7*FT7) -> 5 | FV7: 1 | FW7: 1 | FX7: 1 | FY7: =if( FV7=1, if( FW7=1, if( FX7=1, 5, 3), if( FX7=1, 1, -3 ) ), if(FW7=1,if(FX7=1, -1, -2 ), if(FX7=1, 7, 0 ) ) ) -> 5 | FZ7: 1 | GA7: =if(FW7=0,FY7,FY7*FZ7) -> 5 | GB7: 1 | GC7: 1 | GD7: 1 | GE7: =if( GB7=1, if( GC7=1, if( GD7=1, 5, 3), if( GD7=1, 1, -3 ) ), if(GC7=1,if(GD7=1, -1, -2 ), if(GD7=1, 7, 0 ) ) ) -> 5 | GF7: 1 | GG7: =if(GC7=0,GE7,GE7*GF7) -> 5 | GH7: 1 | GI7: 1 | GJ7: 1 | GK7: =if( GH7=1, if( GI7=1, if( GJ7=1, 5, 3), if( GJ7=1, 1, -3 ) ), if(GI7=1,if(GJ7=1, -1, -2 ), if(GJ7=1, 7, 0 ) ) ) -> 5 | GL7: 1 | GM7: =if(GI7=0,GK7,GK7*GL7) -> 5 | GQ7: =if( GN7=1, if( GO7=1, if( GP7=1, 5, 3), if( GP7=1, 1, -3 ) ), if(GO7=1,if(GP7=1, -1, -2 ), if(GP7=1, 7, 0 ) ) ) -> 0 | GR7: 1 | GS7: =if(GO7=0,GQ7,GQ7*GR7) -> 0 | GT7: 1 | GU7: 1 | GV7: 1 | GW7: =if( GT7=1, if( GU7=1, if( GV7=1, 5, 3), if( GV7=1, 1, -3 ) ), if(GU7=1,if(GV7=1, -1, -2 ), if(GV7=1, 7, 0 ) ) ) -> 5 | GX7: 1 | GY7: =if(GU7=0,GW7,GW7*GX7) -> 5 | HC7: =if( GZ7=1, if( HA7=1, if( HB7=1, 5, 3), if( HB7=1, 1, -3 ) ), if(HA7=1,if(HB7=1, -1, -2 ), if(HB7=1, 7, 0 ) ) ) -> 0 | HD7: 1 | HE7: =if(HA7=0,HC7,HC7*HD7) -> 0 | HF7: 1 | HG7: 1 | HH7: 1 | HI7: =if( HF7=1, if( HG7=1, if( HH7=1, 5, 3), if( HH7=1, 1, -3 ) ), if(HG7=1,if(HH7=1, -1, -2 ), if(HH7=1, 7, 0 ) ) ) -> 5 | HJ7: 1 | HK7: =if(HG7=0,HI7,HI7*HJ7) -> 5 | HO7: =if( HL7=1, if( HM7=1, if( HN7=1, 5, 3), if( HN7=1, 1, -3 ) ), if(HM7=1,if(HN7=1, -1, -2 ), if(HN7=1, 7, 0 ) ) ) -> 0 | HP7: 1 | HQ7: =if(HM7=0,HO7,HO7*HP7) -> 0 | HU7: =if( HR7=1, if( HS7=1, if( HT7=1, 5, 3), if( HT7=1, 1, -3 ) ), if(HS7=1,if(HT7=1, -1, -2 ), if(HT7=1, 7, 0 ) ) ) -> 0 | HV7: 1 | HW7: =if(HS7=0,HU7,HU7*HV7) -> 0 | IA7: =if( HX7=1, if( HY7=1, if( HZ7=1, 5, 3), if( HZ7=1, 1, -3 ) ), if(HY7=1,if(HZ7=1, -1, -2 ), if(HZ7=1, 7, 0 ) ) ) -> 0 | IB7: 1 | IC7: =if(HY7=0,IA7,IA7*IB7) -> 0 | IG7: =if( ID7=1, if( IE7=1, if( IF7=1, 5, 3), if( IF7=1, 1, -3 ) ), if(IE7=1,if(IF7=1, -1, -2 ), if(IF7=1, 7, 0 ) ) ) -> 0 | IH7: 1 | II7: =if(IE7=0,IG7,IG7*IH7) -> 0 | IM7: =if( IJ7=1, if( IK7=1, if( IL7=1, 5, 3), if( IL7=1, 1, -3 ) ), if(IK7=1,if(IL7=1, -1, -2 ), if(IL7=1, 7, 0 ) ) ) -> 0 | IN7: 1 | IO7: =if(IK7=0,IM7,IM7*IN7) -> 0
A8: Rafa | B8: Tower! | C8: =countA($A$6:A8) -> 3 | D8: =VLOOKUP(A8,TDP!A:C,3,FALSE) -> 0.56 | E8: =(1+$D8)*sum($G8,$M8,$Q8,$U8,$AA8,$AG8,$AM8,$AS8,$AY8,$BE8,$BK8,$BQ8,$BW8,$CC8,$CI8,$CO8,$CU8,$DA8,$DG8,$DM8,$DS8,$DY8,$EE8,$EK8,$EQ8,$EW8,$FC8,$FI8,$FO8,$FU8,$GA8,$GG8,$GM8,$GS8,$GY8,$HE8,$HK8,$HQ8,$HW8,$IC8,$II8,$IO8) -> 163.8 | F8: 1 | G8: =if(F8=1, 7, 0 ) -> 7 | J8: 1 | K8: =if( H8=1, if( I8=1, if( J8=1, 5, 3), if( J8=1, 1, -3 ) ), if(I8=1,if(J8=1, -1, -2 ), if(J8=1, 7, 0 ) ) ) -> 7 | M8: =if(I8=0,K8,K8*L8) -> 7 | Q8: =if( N8=1, if( O8=1, if( P8=1, 5, 3), if( P8=1, 1, -3 ) ), if(O8=1,if(P8=1, -1, -2 ), if(P8=1, 7, 0 ) ) ) -> 0 | U8: =if( R8=1, if( S8=1, if( T8=1, 5, 3), if( T8=1, 1, -3 ) ), if(S8=1,if(T8=1, -1, -2 ), if(T8=1, 7, 0 ) ) ) -> 0 | V8: 1 | W8: 1 | Y8: =if( V8=1, if( W8=1, if( X8=1, 5, 3), if( X8=1, 1, -3 ) ), if(W8=1,if(X8=1, -1, -2 ), if(X8=1, 7, 0 ) ) ) -> 3 | Z8: 1 | AA8: =if(W8=0,Y8,Y8*Z8) -> 3 | AB8: 1 | AC8: 1 | AD8: 1 | AE8: =if( AB8=1, if( AC8=1, if( AD8=1, 5, 3), if( AD8=1, 1, -3 ) ), if(AC8=1,if(AD8=1, -1, -2 ), if(AD8=1, 7, 0 ) ) ) -> 5 | AF8: 1 | AG8: =if(AC8=0,AE8,AE8*AF8) -> 5 | AK8: =if( AH8=1, if( AI8=1, if( AJ8=1, 5, 3), if( AJ8=1, 1, -3 ) ), if(AI8=1,if(AJ8=1, -1, -2 ), if(AJ8=1, 7, 0 ) ) ) -> 0 | AM8: =if(AI8=0,AK8,AK8*AL8) -> 0 | AN8: 1 | AO8: 1 | AP8: 1 | AQ8: =if( AN8=1, if( AO8=1, if( AP8=1, 5, 3), if( AP8=1, 1, -3 ) ), if(AO8=1,if(AP8=1, -1, -2 ), if(AP8=1, 7, 0 ) ) ) -> 5 | AR8: 1 | AS8: =if(AO8=0,AQ8,AQ8*AR8) -> 5 | AT8: 1 | AU8: 1 | AW8: =if( AT8=1, if( AU8=1, if( AV8=1, 5, 3), if( AV8=1, 1, -3 ) ), if(AU8=1,if(AV8=1, -1, -2 ), if(AV8=1, 7, 0 ) ) ) -> 3 | AX8: 1 | AY8: =if(AU8=0,AW8,AW8*AX8) -> 3 | AZ8: 1 | BA8: 1 | BB8: 1 | BC8: =if( AZ8=1, if( BA8=1, if( BB8=1, 5, 3), if( BB8=1, 1, -3 ) ), if(BA8=1,if(BB8=1, -1, -2 ), if(BB8=1, 7, 0 ) ) ) -> 5 | BD8: 1 | BE8: =if(BA8=0,BC8,BC8*BD8) -> 5 | BI8: =if( BF8=1, if( BG8=1, if( BH8=1, 5, 3), if( BH8=1, 1, -3 ) ), if(BG8=1,if(BH8=1, -1, -2 ), if(BH8=1, 7, 0 ) ) ) -> 0 | BK8: =if(BG8=0,BI8,BI8*BJ8) -> 0 | BL8: 1 | BM8: 1 | BO8: =if( BL8=1, if( BM8=1, if( BN8=1, 5, 3), if( BN8=1, 1, -3 ) ), if(BM8=1,if(BN8=1, -1, -2 ), if(BN8=1, 7, 0 ) ) ) -> 3 | BP8: 1 | BQ8: =if(BM8=0,BO8,BO8*BP8) -> 3 | BR8: 1 | BS8: 1 | BT8: 1 | BU8: =if( BR8=1, if( BS8=1, if( BT8=1, 5, 3), if( BT8=1, 1, -3 ) ), if(BS8=1,if(BT8=1, -1, -2 ), if(BT8=1, 7, 0 ) ) ) -> 5 | BV8: 1 | BW8: =if(BS8=0,BU8,BU8*BV8) -> 5 | BX8: 1 | BY8: 1 | BZ8: 1 | CA8: =if( BX8=1, if( BY8=1, if( BZ8=1, 5, 3), if( BZ8=1, 1, -3 ) ), if(BY8=1,if(BZ8=1, -1, -2 ), if(BZ8=1, 7, 0 ) ) ) -> 5 | CB8: 1 | CC8: =if(BY8=0,CA8,CA8*CB8) -> 5 | CG8: =if( CD8=1, if( CE8=1, if( CF8=1, 5, 3), if( CF8=1, 1, -3 ) ), if(CE8=1,if(CF8=1, -1, -2 ), if(CF8=1, 7, 0 ) ) ) -> 0 | CI8: =if(CE8=0,CG8,CG8*CH8) -> 0 | CM8: =if( CJ8=1, if( CK8=1, if( CL8=1, 5, 3), if( CL8=1, 1, -3 ) ), if(CK8=1,if(CL8=1, -1, -2 ), if(CL8=1, 7, 0 ) ) ) -> 0 | CO8: =if(CK8=0,CM8,CM8*CN8) -> 0 | CS8: =if( CP8=1, if( CQ8=1, if( CR8=1, 5, 3), if( CR8=1, 1, -3 ) ), if(CQ8=1,if(CR8=1, -1, -2 ), if(CR8=1, 7, 0 ) ) ) -> 0 | CU8: =if(CQ8=0,CS8,CS8*CT8) -> 0 | CY8: =if( CV8=1, if( CW8=1, if( CX8=1, 5, 3), if( CX8=1, 1, -3 ) ), if(CW8=1,if(CX8=1, -1, -2 ), if(CX8=1, 7, 0 ) ) ) -> 0 | CZ8: 1 | DA8: =if(CW8=0,CY8,CY8*CZ8) -> 0 | DB8: 1 | DC8: 1 | DD8: 1 | DE8: =if( DB8=1, if( DC8=1, if( DD8=1, 5, 3), if( DD8=1, 1, -3 ) ), if(DC8=1,if(DD8=1, -1, -2 ), if(DD8=1, 7, 0 ) ) ) -> 5 | DF8: 1 | DG8: =if(DC8=0,DE8,DE8*DF8) -> 5 | DH8: 1 | DI8: 1 | DK8: =if( DH8=1, if( DI8=1, if( DJ8=1, 5, 3), if( DJ8=1, 1, -3 ) ), if(DI8=1,if(DJ8=1, -1, -2 ), if(DJ8=1, 7, 0 ) ) ) -> 3 | DL8: 1 | DM8: =if(DI8=0,DK8,DK8*DL8) -> 3 | DN8: 1 | DO8: 1 | DP8: 1 | DQ8: =if( DN8=1, if( DO8=1, if( DP8=1, 5, 3), if( DP8=1, 1, -3 ) ), if(DO8=1,if(DP8=1, -1, -2 ), if(DP8=1, 7, 0 ) ) ) -> 5 | DR8: 1 | DS8: =if(DO8=0,DQ8,DQ8*DR8) -> 5 | DT8: 1 | DU8: 1 | DV8: 1 | DW8: =if( DT8=1, if( DU8=1, if( DV8=1, 5, 3), if( DV8=1, 1, -3 ) ), if(DU8=1,if(DV8=1, -1, -2 ), if(DV8=1, 7, 0 ) ) ) -> 5 | DX8: 1 | DY8: =if(DU8=0,DW8,DW8*DX8) -> 5 | EC8: =if( DZ8=1, if( EA8=1, if( EB8=1, 5, 3), if( EB8=1, 1, -3 ) ), if(EA8=1,if(EB8=1, -1, -2 ), if(EB8=1, 7, 0 ) ) ) -> 0 | ED8: 1 | EE8: =if(EA8=0,EC8,EC8*ED8) -> 0 | EF8: 1 | EG8: 1 | EH8: 1 | EI8: =if( EF8=1, if( EG8=1, if( EH8=1, 5, 3), if( EH8=1, 1, -3 ) ), if(EG8=1,if(EH8=1, -1, -2 ), if(EH8=1, 7, 0 ) ) ) -> 5 | EJ8: 1 | EK8: =if(EG8=0,EI8,EI8*EJ8) -> 5 | EO8: =if( EL8=1, if( EM8=1, if( EN8=1, 5, 3), if( EN8=1, 1, -3 ) ), if(EM8=1,if(EN8=1, -1, -2 ), if(EN8=1, 7, 0 ) ) ) -> 0 | EP8: 1 | EQ8: =if(EM8=0,EO8,EO8*EP8) -> 0 | ER8: 1 | ES8: 1 | ET8: 1 | EU8: =if( ER8=1, if( ES8=1, if( ET8=1, 5, 3), if( ET8=1, 1, -3 ) ), if(ES8=1,if(ET8=1, -1, -2 ), if(ET8=1, 7, 0 ) ) ) -> 5 | EV8: 1 | EW8: =if(ES8=0,EU8,EU8*EV8) -> 5 | FA8: =if( EX8=1, if( EY8=1, if( EZ8=1, 5, 3), if( EZ8=1, 1, -3 ) ), if(EY8=1,if(EZ8=1, -1, -2 ), if(EZ8=1, 7, 0 ) ) ) -> 0 | FB8: 1 | FC8: =if(EY8=0,FA8,FA8*FB8) -> 0 | FG8: =if( FD8=1, if( FE8=1, if( FF8=1, 5, 3), if( FF8=1, 1, -3 ) ), if(FE8=1,if(FF8=1, -1, -2 ), if(FF8=1, 7, 0 ) ) ) -> 0 | FH8: 1 | FI8: =if(FE8=0,FG8,FG8*FH8) -> 0 | FM8: =if( FJ8=1, if( FK8=1, if( FL8=1, 5, 3), if( FL8=1, 1, -3 ) ), if(FK8=1,if(FL8=1, -1, -2 ), if(FL8=1, 7, 0 ) ) ) -> 0 | FN8: 1 | FO8: =if(FK8=0,FM8,FM8*FN8) -> 0 | FP8: 1 | FQ8: 1 | FS8: =if( FP8=1, if( FQ8=1, if( FR8=1, 5, 3), if( FR8=1, 1, -3 ) ), if(FQ8=1,if(FR8=1, -1, -2 ), if(FR8=1, 7, 0 ) ) ) -> 3 | FT8: 1 | FU8: =if(FQ8=0,FS8,FS8*FT8) -> 3 | FV8: 1 | FW8: 1 | FY8: =if( FV8=1, if( FW8=1, if( FX8=1, 5, 3), if( FX8=1, 1, -3 ) ), if(FW8=1,if(FX8=1, -1, -2 ), if(FX8=1, 7, 0 ) ) ) -> 3 | FZ8: 1 | GA8: =if(FW8=0,FY8,FY8*FZ8) -> 3 | GB8: 1 | GC8: 1 | GE8: =if( GB8=1, if( GC8=1, if( GD8=1, 5, 3), if( GD8=1, 1, -3 ) ), if(GC8=1,if(GD8=1, -1, -2 ), if(GD8=1, 7, 0 ) ) ) -> 3 | GF8: 1 | GG8: =if(GC8=0,GE8,GE8*GF8) -> 3 | GH8: 1 | GI8: 1 | GJ8: 1 | GK8: =if( GH8=1, if( GI8=1, if( GJ8=1, 5, 3), if( GJ8=1, 1, -3 ) ), if(GI8=1,if(GJ8=1, -1, -2 ), if(GJ8=1, 7, 0 ) ) ) -> 5 | GL8: 1 | GM8: =if(GI8=0,GK8,GK8*GL8) -> 5 | GQ8: =if( GN8=1, if( GO8=1, if( GP8=1, 5, 3), if( GP8=1, 1, -3 ) ), if(GO8=1,if(GP8=1, -1, -2 ), if(GP8=1, 7, 0 ) ) ) -> 0 | GR8: 1 | GS8: =if(GO8=0,GQ8,GQ8*GR8) -> 0 | GT8: 1 | GU8: 1 | GV8: 1 | GW8: =if( GT8=1, if( GU8=1, if( GV8=1, 5, 3), if( GV8=1, 1, -3 ) ), if(GU8=1,if(GV8=1, -1, -2 ), if(GV8=1, 7, 0 ) ) ) -> 5 | GX8: 1 | GY8: =if(GU8=0,GW8,GW8*GX8) -> 5 | GZ8: 1 | HA8: 1 | HB8: 1 | HC8: =if( GZ8=1, if( HA8=1, if( HB8=1, 5, 3), if( HB8=1, 1, -3 ) ), if(HA8=1,if(HB8=1, -1, -2 ), if(HB8=1, 7, 0 ) ) ) -> 5 | HD8: 1 | HE8: =if(HA8=0,HC8,HC8*HD8) -> 5 | HF8: 1 | HG8: 1 | HH8: 1 | HI8: =if( HF8=1, if( HG8=1, if( HH8=1, 5, 3), if( HH8=1, 1, -3 ) ), if(HG8=1,if(HH8=1, -1, -2 ), if(HH8=1, 7, 0 ) ) ) -> 5 | HJ8: 1 | HK8: =if(HG8=0,HI8,HI8*HJ8) -> 5 | HO8: =if( HL8=1, if( HM8=1, if( HN8=1, 5, 3), if( HN8=1, 1, -3 ) ), if(HM8=1,if(HN8=1, -1, -2 ), if(HN8=1, 7, 0 ) ) ) -> 0 | HP8: 1 | HQ8: =if(HM8=0,HO8,HO8*HP8) -> 0 | HU8: =if( HR8=1, if( HS8=1, if( HT8=1, 5, 3), if( HT8=1, 1, -3 ) ), if(HS8=1,if(HT8=1, -1, -2 ), if(HT8=1, 7, 0 ) ) ) -> 0 | HV8: 1 | HW8: =if(HS8=0,HU8,HU8*HV8) -> 0 | IA8: =if( HX8=1, if( HY8=1, if( HZ8=1, 5, 3), if( HZ8=1, 1, -3 ) ), if(HY8=1,if(HZ8=1, -1, -2 ), if(HZ8=1, 7, 0 ) ) ) -> 0 | IB8: 1 | IC8: =if(HY8=0,IA8,IA8*IB8) -> 0 | IG8: =if( ID8=1, if( IE8=1, if( IF8=1, 5, 3), if( IF8=1, 1, -3 ) ), if(IE8=1,if(IF8=1, -1, -2 ), if(IF8=1, 7, 0 ) ) ) -> 0 | IH8: 1 | II8: =if(IE8=0,IG8,IG8*IH8) -> 0 | IM8: =if( IJ8=1, if( IK8=1, if( IL8=1, 5, 3), if( IL8=1, 1, -3 ) ), if(IK8=1,if(IL8=1, -1, -2 ), if(IL8=1, 7, 0 ) ) ) -> 0 | IN8: 1 | IO8: =if(IK8=0,IM8,IM8*IN8) -> 0
A9: Nico | B9: Goomba | C9: =countA($A$6:A9) -> 4 | D9: =VLOOKUP(A9,TDP!A:C,3,FALSE) -> 0.27 | E9: =(1+$D9)*sum($G9,$M9,$Q9,$U9,$AA9,$AG9,$AM9,$AS9,$AY9,$BE9,$BK9,$BQ9,$BW9,$CC9,$CI9,$CO9,$CU9,$DA9,$DG9,$DM9,$DS9,$DY9,$EE9,$EK9,$EQ9,$EW9,$FC9,$FI9,$FO9,$FU9,$GA9,$GG9,$GM9,$GS9,$GY9,$HE9,$HK9,$HQ9,$HW9,$IC9,$II9,$IO9) -> 161.29 | F9: 1 | G9: =if(F9=1, 7, 0 ) -> 7 | H9: 1 | I9: 1 | J9: 1 | K9: =if( H9=1, if( I9=1, if( J9=1, 5, 3), if( J9=1, 1, -3 ) ), if(I9=1,if(J9=1, -1, -2 ), if(J9=1, 7, 0 ) ) ) -> 5 | M9: =if(I9=0,K9,K9*L9) -> 0 | Q9: =if( N9=1, if( O9=1, if( P9=1, 5, 3), if( P9=1, 1, -3 ) ), if(O9=1,if(P9=1, -1, -2 ), if(P9=1, 7, 0 ) ) ) -> 0 | U9: =if( R9=1, if( S9=1, if( T9=1, 5, 3), if( T9=1, 1, -3 ) ), if(S9=1,if(T9=1, -1, -2 ), if(T9=1, 7, 0 ) ) ) -> 0 | X9: 1 | Y9: =if( V9=1, if( W9=1, if( X9=1, 5, 3), if( X9=1, 1, -3 ) ), if(W9=1,if(X9=1, -1, -2 ), if(X9=1, 7, 0 ) ) ) -> 7 | AA9: =if(W9=0,Y9,Y9*Z9) -> 7 | AD9: 1 | AE9: =if( AB9=1, if( AC9=1, if( AD9=1, 5, 3), if( AD9=1, 1, -3 ) ), if(AC9=1,if(AD9=1, -1, -2 ), if(AD9=1, 7, 0 ) ) ) -> 7 | AG9: =if(AC9=0,AE9,AE9*AF9) -> 7 | AJ9: 1 | AK9: =if( AH9=1, if( AI9=1, if( AJ9=1, 5, 3), if( AJ9=1, 1, -3 ) ), if(AI9=1,if(AJ9=1, -1, -2 ), if(AJ9=1, 7, 0 ) ) ) -> 7 | AM9: =if(AI9=0,AK9,AK9*AL9) -> 7 | AQ9: =if( AN9=1, if( AO9=1, if( AP9=1, 5, 3), if( AP9=1, 1, -3 ) ), if(AO9=1,if(AP9=1, -1, -2 ), if(AP9=1, 7, 0 ) ) ) -> 0 | AS9: =if(AO9=0,AQ9,AQ9*AR9) -> 0 | AV9: 1 | AW9: =if( AT9=1, if( AU9=1, if( AV9=1, 5, 3), if( AV9=1, 1, -3 ) ), if(AU9=1,if(AV9=1, -1, -2 ), if(AV9=1, 7, 0 ) ) ) -> 7 | AY9: =if(AU9=0,AW9,AW9*AX9) -> 7 | BC9: =if( AZ9=1, if( BA9=1, if( BB9=1, 5, 3), if( BB9=1, 1, -3 ) ), if(BA9=1,if(BB9=1, -1, -2 ), if(BB9=1, 7, 0 ) ) ) -> 0 | BE9: =if(BA9=0,BC9,BC9*BD9) -> 0 | BH9: 1 | BI9: =if( BF9=1, if( BG9=1, if( BH9=1, 5, 3), if( BH9=1, 1, -3 ) ), if(BG9=1,if(BH9=1, -1, -2 ), if(BH9=1, 7, 0 ) ) ) -> 7 | BK9: =if(BG9=0,BI9,BI9*BJ9) -> 7 | BN9: 1 | BO9: =if( BL9=1, if( BM9=1, if( BN9=1, 5, 3), if( BN9=1, 1, -3 ) ), if(BM9=1,if(BN9=1, -1, -2 ), if(BN9=1, 7, 0 ) ) ) -> 7 | BQ9: =if(BM9=0,BO9,BO9*BP9) -> 7 | BU9: =if( BR9=1, if( BS9=1, if( BT9=1, 5, 3), if( BT9=1, 1, -3 ) ), if(BS9=1,if(BT9=1, -1, -2 ), if(BT9=1, 7, 0 ) ) ) -> 0 | BW9: =if(BS9=0,BU9,BU9*BV9) -> 0 | CA9: =if( BX9=1, if( BY9=1, if( BZ9=1, 5, 3), if( BZ9=1, 1, -3 ) ), if(BY9=1,if(BZ9=1, -1, -2 ), if(BZ9=1, 7, 0 ) ) ) -> 0 | CC9: =if(BY9=0,CA9,CA9*CB9) -> 0 | CD9: 1 | CE9: 1 | CF9: 1 | CG9: =if( CD9=1, if( CE9=1, if( CF9=1, 5, 3), if( CF9=1, 1, -3 ) ), if(CE9=1,if(CF9=1, -1, -2 ), if(CF9=1, 7, 0 ) ) ) -> 5 | CH9: 1 | CI9: =if(CE9=0,CG9,CG9*CH9) -> 5 | CJ9: 1 | CK9: 1 | CL9: 1 | CM9: =if( CJ9=1, if( CK9=1, if( CL9=1, 5, 3), if( CL9=1, 1, -3 ) ), if(CK9=1,if(CL9=1, -1, -2 ), if(CL9=1, 7, 0 ) ) ) -> 5 | CN9: 1 | CO9: =if(CK9=0,CM9,CM9*CN9) -> 5 | CS9: =if( CP9=1, if( CQ9=1, if( CR9=1, 5, 3), if( CR9=1, 1, -3 ) ), if(CQ9=1,if(CR9=1, -1, -2 ), if(CR9=1, 7, 0 ) ) ) -> 0 | CU9: =if(CQ9=0,CS9,CS9*CT9) -> 0 | CV9: 1 | CW9: 1 | CX9: 1 | CY9: =if( CV9=1, if( CW9=1, if( CX9=1, 5, 3), if( CX9=1, 1, -3 ) ), if(CW9=1,if(CX9=1, -1, -2 ), if(CX9=1, 7, 0 ) ) ) -> 5 | CZ9: 1 | DA9: =if(CW9=0,CY9,CY9*CZ9) -> 5 | DB9: 1 | DC9: 1 | DD9: 1 | DE9: =if( DB9=1, if( DC9=1, if( DD9=1, 5, 3), if( DD9=1, 1, -3 ) ), if(DC9=1,if(DD9=1, -1, -2 ), if(DD9=1, 7, 0 ) ) ) -> 5 | DF9: 1 | DG9: =if(DC9=0,DE9,DE9*DF9) -> 5 | DH9: 1 | DI9: 1 | DJ9: 1 | DK9: =if( DH9=1, if( DI9=1, if( DJ9=1, 5, 3), if( DJ9=1, 1, -3 ) ), if(DI9=1,if(DJ9=1, -1, -2 ), if(DJ9=1, 7, 0 ) ) ) -> 5 | DL9: 1 | DM9: =if(DI9=0,DK9,DK9*DL9) -> 5 | DN9: 1 | DO9: 1 | DP9: 1 | DQ9: =if( DN9=1, if( DO9=1, if( DP9=1, 5, 3), if( DP9=1, 1, -3 ) ), if(DO9=1,if(DP9=1, -1, -2 ), if(DP9=1, 7, 0 ) ) ) -> 5 | DR9: 1 | DS9: =if(DO9=0,DQ9,DQ9*DR9) -> 5 | DT9: 1 | DU9: 1 | DV9: 1 | DW9: =if( DT9=1, if( DU9=1, if( DV9=1, 5, 3), if( DV9=1, 1, -3 ) ), if(DU9=1,if(DV9=1, -1, -2 ), if(DV9=1, 7, 0 ) ) ) -> 5 | DX9: 1 | DY9: =if(DU9=0,DW9,DW9*DX9) -> 5 | EC9: =if( DZ9=1, if( EA9=1, if( EB9=1, 5, 3), if( EB9=1, 1, -3 ) ), if(EA9=1,if(EB9=1, -1, -2 ), if(EB9=1, 7, 0 ) ) ) -> 0 | ED9: 1 | EE9: =if(EA9=0,EC9,EC9*ED9) -> 0 | EF9: 1 | EG9: 1 | EH9: 1 | EI9: =if( EF9=1, if( EG9=1, if( EH9=1, 5, 3), if( EH9=1, 1, -3 ) ), if(EG9=1,if(EH9=1, -1, -2 ), if(EH9=1, 7, 0 ) ) ) -> 5 | EJ9: 1 | EK9: =if(EG9=0,EI9,EI9*EJ9) -> 5 | EL9: 1 | EM9: 1 | EN9: 1 | EO9: =if( EL9=1, if( EM9=1, if( EN9=1, 5, 3), if( EN9=1, 1, -3 ) ), if(EM9=1,if(EN9=1, -1, -2 ), if(EN9=1, 7, 0 ) ) ) -> 5 | EP9: 1 | EQ9: =if(EM9=0,EO9,EO9*EP9) -> 5 | ER9: 1 | ES9: 1 | ET9: 1 | EU9: =if( ER9=1, if( ES9=1, if( ET9=1, 5, 3), if( ET9=1, 1, -3 ) ), if(ES9=1,if(ET9=1, -1, -2 ), if(ET9=1, 7, 0 ) ) ) -> 5 | EV9: 1 | EW9: =if(ES9=0,EU9,EU9*EV9) -> 5 | EX9: 1 | EY9: 1 | EZ9: 1 | FA9: =if( EX9=1, if( EY9=1, if( EZ9=1, 5, 3), if( EZ9=1, 1, -3 ) ), if(EY9=1,if(EZ9=1, -1, -2 ), if(EZ9=1, 7, 0 ) ) ) -> 5 | FB9: 1 | FC9: =if(EY9=0,FA9,FA9*FB9) -> 5 | FG9: =if( FD9=1, if( FE9=1, if( FF9=1, 5, 3), if( FF9=1, 1, -3 ) ), if(FE9=1,if(FF9=1, -1, -2 ), if(FF9=1, 7, 0 ) ) ) -> 0 | FH9: 1 | FI9: =if(FE9=0,FG9,FG9*FH9) -> 0 | FM9: =if( FJ9=1, if( FK9=1, if( FL9=1, 5, 3), if( FL9=1, 1, -3 ) ), if(FK9=1,if(FL9=1, -1, -2 ), if(FL9=1, 7, 0 ) ) ) -> 0 | FN9: 1 | FO9: =if(FK9=0,FM9,FM9*FN9) -> 0 | FP9: 1 | FQ9: 1 | FR9: 1 | FS9: =if( FP9=1, if( FQ9=1, if( FR9=1, 5, 3), if( FR9=1, 1, -3 ) ), if(FQ9=1,if(FR9=1, -1, -2 ), if(FR9=1, 7, 0 ) ) ) -> 5 | FT9: 1 | FU9: =if(FQ9=0,FS9,FS9*FT9) -> 5 | FV9: 1 | FW9: 1 | FX9: 1 | FY9: =if( FV9=1, if( FW9=1, if( FX9=1, 5, 3), if( FX9=1, 1, -3 ) ), if(FW9=1,if(FX9=1, -1, -2 ), if(FX9=1, 7, 0 ) ) ) -> 5 | FZ9: 1 | GA9: =if(FW9=0,FY9,FY9*FZ9) -> 5 | GB9: 1 | GC9: 1 | GE9: =if( GB9=1, if( GC9=1, if( GD9=1, 5, 3), if( GD9=1, 1, -3 ) ), if(GC9=1,if(GD9=1, -1, -2 ), if(GD9=1, 7, 0 ) ) ) -> 3 | GF9: 1 | GG9: =if(GC9=0,GE9,GE9*GF9) -> 3 | GH9: 1 | GI9: 1 | GJ9: 1 | GK9: =if( GH9=1, if( GI9=1, if( GJ9=1, 5, 3), if( GJ9=1, 1, -3 ) ), if(GI9=1,if(GJ9=1, -1, -2 ), if(GJ9=1, 7, 0 ) ) ) -> 5 | GL9: 1 | GM9: =if(GI9=0,GK9,GK9*GL9) -> 5 | GQ9: =if( GN9=1, if( GO9=1, if( GP9=1, 5, 3), if( GP9=1, 1, -3 ) ), if(GO9=1,if(GP9=1, -1, -2 ), if(GP9=1, 7, 0 ) ) ) -> 0 | GR9: 1 | GS9: =if(GO9=0,GQ9,GQ9*GR9) -> 0 | GT9: 1 | GU9: 1 | GV9: 1 | GW9: =if( GT9=1, if( GU9=1, if( GV9=1, 5, 3), if( GV9=1, 1, -3 ) ), if(GU9=1,if(GV9=1, -1, -2 ), if(GV9=1, 7, 0 ) ) ) -> 5 | GX9: 1 | GY9: =if(GU9=0,GW9,GW9*GX9) -> 5 | HC9: =if( GZ9=1, if( HA9=1, if( HB9=1, 5, 3), if( HB9=1, 1, -3 ) ), if(HA9=1,if(HB9=1, -1, -2 ), if(HB9=1, 7, 0 ) ) ) -> 0 | HD9: 1 | HE9: =if(HA9=0,HC9,HC9*HD9) -> 0 | HI9: =if( HF9=1, if( HG9=1, if( HH9=1, 5, 3), if( HH9=1, 1, -3 ) ), if(HG9=1,if(HH9=1, -1, -2 ), if(HH9=1, 7, 0 ) ) ) -> 0 | HJ9: 1 | HK9: =if(HG9=0,HI9,HI9*HJ9) -> 0 | HO9: =if( HL9=1, if( HM9=1, if( HN9=1, 5, 3), if( HN9=1, 1, -3 ) ), if(HM9=1,if(HN9=1, -1, -2 ), if(HN9=1, 7, 0 ) ) ) -> 0 | HP9: 1 | HQ9: =if(HM9=0,HO9,HO9*HP9) -> 0 | HU9: =if( HR9=1, if( HS9=1, if( HT9=1, 5, 3), if( HT9=1, 1, -3 ) ), if(HS9=1,if(HT9=1, -1, -2 ), if(HT9=1, 7, 0 ) ) ) -> 0 | HV9: 1 | HW9: =if(HS9=0,HU9,HU9*HV9) -> 0 | IA9: =if( HX9=1, if( HY9=1, if( HZ9=1, 5, 3), if( HZ9=1, 1, -3 ) ), if(HY9=1,if(HZ9=1, -1, -2 ), if(HZ9=1, 7, 0 ) ) ) -> 0 | IB9: 1 | IC9: =if(HY9=0,IA9,IA9*IB9) -> 0 | IG9: =if( ID9=1, if( IE9=1, if( IF9=1, 5, 3), if( IF9=1, 1, -3 ) ), if(IE9=1,if(IF9=1, -1, -2 ), if(IF9=1, 7, 0 ) ) ) -> 0 | IH9: 1 | II9: =if(IE9=0,IG9,IG9*IH9) -> 0 | IM9: =if( IJ9=1, if( IK9=1, if( IL9=1, 5, 3), if( IL9=1, 1, -3 ) ), if(IK9=1,if(IL9=1, -1, -2 ), if(IL9=1, 7, 0 ) ) ) -> 0 | IN9: 1 | IO9: =if(IK9=0,IM9,IM9*IN9) -> 0
A10: Michael G | B10: Curly | C10: =countA($A$6:A10) -> 5 | D10: =VLOOKUP(A10,TDP!A:C,3,FALSE) -> 0.51 | E10: =(1+$D10)*sum($G10,$M10,$Q10,$U10,$AA10,$AG10,$AM10,$AS10,$AY10,$BE10,$BK10,$BQ10,$BW10,$CC10,$CI10,$CO10,$CU10,$DA10,$DG10,$DM10,$DS10,$DY10,$EE10,$EK10,$EQ10,$EW10,$FC10,$FI10,$FO10,$FU10,$GA10,$GG10,$GM10,$GS10,$GY10,$HE10,$HK10,$HQ10,$HW10,$IC10,$II10,$IO10) -> 154.02 | G10: =if(F10=1, 7, 0 ) -> 0 | H10: 1 | I10: 1 | J10: 1 | K10: =if( H10=1, if( I10=1, if( J10=1, 5, 3), if( J10=1, 1, -3 ) ), if(I10=1,if(J10=1, -1, -2 ), if(J10=1, 7, 0 ) ) ) -> 5 | L10: 1 | M10: =if(I10=0,K10,K10*L10) -> 5 | Q10: =if( N10=1, if( O10=1, if( P10=1, 5, 3), if( P10=1, 1, -3 ) ), if(O10=1,if(P10=1, -1, -2 ), if(P10=1, 7, 0 ) ) ) -> 0 | U10: =if( R10=1, if( S10=1, if( T10=1, 5, 3), if( T10=1, 1, -3 ) ), if(S10=1,if(T10=1, -1, -2 ), if(T10=1, 7, 0 ) ) ) -> 0 | V10: 1 | W10: 1 | Y10: =if( V10=1, if( W10=1, if( X10=1, 5, 3), if( X10=1, 1, -3 ) ), if(W10=1,if(X10=1, -1, -2 ), if(X10=1, 7, 0 ) ) ) -> 3 | Z10: 1 | AA10: =if(W10=0,Y10,Y10*Z10) -> 3 | AE10: =if( AB10=1, if( AC10=1, if( AD10=1, 5, 3), if( AD10=1, 1, -3 ) ), if(AC10=1,if(AD10=1, -1, -2 ), if(AD10=1, 7, 0 ) ) ) -> 0 | AG10: =if(AC10=0,AE10,AE10*AF10) -> 0 | AH10: 1 | AI10: 1 | AK10: =if( AH10=1, if( AI10=1, if( AJ10=1, 5, 3), if( AJ10=1, 1, -3 ) ), if(AI10=1,if(AJ10=1, -1, -2 ), if(AJ10=1, 7, 0 ) ) ) -> 3 | AL10: 1 | AM10: =if(AI10=0,AK10,AK10*AL10) -> 3 | AN10: 1 | AO10: 1 | AP10: 1 | AQ10: =if( AN10=1, if( AO10=1, if( AP10=1, 5, 3), if( AP10=1, 1, -3 ) ), if(AO10=1,if(AP10=1, -1, -2 ), if(AP10=1, 7, 0 ) ) ) -> 5 | AR10: 1 | AS10: =if(AO10=0,AQ10,AQ10*AR10) -> 5 | AT10: 1 | AU10: 1 | AV10: 1 | AW10: =if( AT10=1, if( AU10=1, if( AV10=1, 5, 3), if( AV10=1, 1, -3 ) ), if(AU10=1,if(AV10=1, -1, -2 ), if(AV10=1, 7, 0 ) ) ) -> 5 | AX10: 1 | AY10: =if(AU10=0,AW10,AW10*AX10) -> 5 | AZ10: 1 | BA10: 1 | BB10: 1 | BC10: =if( AZ10=1, if( BA10=1, if( BB10=1, 5, 3), if( BB10=1, 1, -3 ) ), if(BA10=1,if(BB10=1, -1, -2 ), if(BB10=1, 7, 0 ) ) ) -> 5 | BD10: 1 | BE10: =if(BA10=0,BC10,BC10*BD10) -> 5 | BF10: 1 | BG10: 1 | BH10: 1 | BI10: =if( BF10=1, if( BG10=1, if( BH10=1, 5, 3), if( BH10=1, 1, -3 ) ), if(BG10=1,if(BH10=1, -1, -2 ), if(BH10=1, 7, 0 ) ) ) -> 5 | BJ10: 1 | BK10: =if(BG10=0,BI10,BI10*BJ10) -> 5 | BL10: 1 | BM10: 1 | BN10: 1 | BO10: =if( BL10=1, if( BM10=1, if( BN10=1, 5, 3), if( BN10=1, 1, -3 ) ), if(BM10=1,if(BN10=1, -1, -2 ), if(BN10=1, 7, 0 ) ) ) -> 5 | BP10: 1 | BQ10: =if(BM10=0,BO10,BO10*BP10) -> 5 | BR10: 1 | BS10: 1 | BT10: 1 | BU10: =if( BR10=1, if( BS10=1, if( BT10=1, 5, 3), if( BT10=1, 1, -3 ) ), if(BS10=1,if(BT10=1, -1, -2 ), if(BT10=1, 7, 0 ) ) ) -> 5 | BV10: 1 | BW10: =if(BS10=0,BU10,BU10*BV10) -> 5 | CA10: =if( BX10=1, if( BY10=1, if( BZ10=1, 5, 3), if( BZ10=1, 1, -3 ) ), if(BY10=1,if(BZ10=1, -1, -2 ), if(BZ10=1, 7, 0 ) ) ) -> 0 | CC10: =if(BY10=0,CA10,CA10*CB10) -> 0 | CD10: 1 | CE10: 1 | CF10: 1 | CG10: =if( CD10=1, if( CE10=1, if( CF10=1, 5, 3), if( CF10=1, 1, -3 ) ), if(CE10=1,if(CF10=1, -1, -2 ), if(CF10=1, 7, 0 ) ) ) -> 5 | CH10: 1 | CI10: =if(CE10=0,CG10,CG10*CH10) -> 5 | CM10: =if( CJ10=1, if( CK10=1, if( CL10=1, 5, 3), if( CL10=1, 1, -3 ) ), if(CK10=1,if(CL10=1, -1, -2 ), if(CL10=1, 7, 0 ) ) ) -> 0 | CO10: =if(CK10=0,CM10,CM10*CN10) -> 0 | CP10: 1 | CQ10: 1 | CR10: 1 | CS10: =if( CP10=1, if( CQ10=1, if( CR10=1, 5, 3), if( CR10=1, 1, -3 ) ), if(CQ10=1,if(CR10=1, -1, -2 ), if(CR10=1, 7, 0 ) ) ) -> 5 | CT10: 1 | CU10: =if(CQ10=0,CS10,CS10*CT10) -> 5 | CV10: 1 | CW10: 1 | CX10: 1 | CY10: =if( CV10=1, if( CW10=1, if( CX10=1, 5, 3), if( CX10=1, 1, -3 ) ), if(CW10=1,if(CX10=1, -1, -2 ), if(CX10=1, 7, 0 ) ) ) -> 5 | CZ10: 1 | DA10: =if(CW10=0,CY10,CY10*CZ10) -> 5 | DB10: 1 | DC10: 1 | DD10: 1 | DE10: =if( DB10=1, if( DC10=1, if( DD10=1, 5, 3), if( DD10=1, 1, -3 ) ), if(DC10=1,if(DD10=1, -1, -2 ), if(DD10=1, 7, 0 ) ) ) -> 5 | DF10: 1 | DG10: =if(DC10=0,DE10,DE10*DF10) -> 5 | DH10: 1 | DI10: 1 | DJ10: 1 | DK10: =if( DH10=1, if( DI10=1, if( DJ10=1, 5, 3), if( DJ10=1, 1, -3 ) ), if(DI10=1,if(DJ10=1, -1, -2 ), if(DJ10=1, 7, 0 ) ) ) -> 5 | DL10: 1 | DM10: =if(DI10=0,DK10,DK10*DL10) -> 5 | DQ10: =if( DN10=1, if( DO10=1, if( DP10=1, 5, 3), if( DP10=1, 1, -3 ) ), if(DO10=1,if(DP10=1, -1, -2 ), if(DP10=1, 7, 0 ) ) ) -> 0 | DR10: 1 | DS10: =if(DO10=0,DQ10,DQ10*DR10) -> 0 | DW10: =if( DT10=1, if( DU10=1, if( DV10=1, 5, 3), if( DV10=1, 1, -3 ) ), if(DU10=1,if(DV10=1, -1, -2 ), if(DV10=1, 7, 0 ) ) ) -> 0 | DX10: 1 | DY10: =if(DU10=0,DW10,DW10*DX10) -> 0 | DZ10: 1 | EA10: 1 | EC10: =if( DZ10=1, if( EA10=1, if( EB10=1, 5, 3), if( EB10=1, 1, -3 ) ), if(EA10=1,if(EB10=1, -1, -2 ), if(EB10=1, 7, 0 ) ) ) -> 3 | ED10: 1 | EE10: =if(EA10=0,EC10,EC10*ED10) -> 3 | EF10: 1 | EG10: 1 | EH10: 1 | EI10: =if( EF10=1, if( EG10=1, if( EH10=1, 5, 3), if( EH10=1, 1, -3 ) ), if(EG10=1,if(EH10=1, -1, -2 ), if(EH10=1, 7, 0 ) ) ) -> 5 | EJ10: 1 | EK10: =if(EG10=0,EI10,EI10*EJ10) -> 5 | EL10: 1 | EM10: 1 | EN10: 1 | EO10: =if( EL10=1, if( EM10=1, if( EN10=1, 5, 3), if( EN10=1, 1, -3 ) ), if(EM10=1,if(EN10=1, -1, -2 ), if(EN10=1, 7, 0 ) ) ) -> 5 | EP10: 1 | EQ10: =if(EM10=0,EO10,EO10*EP10) -> 5 | ER10: 1 | ES10: 1 | ET10: 1 | EU10: =if( ER10=1, if( ES10=1, if( ET10=1, 5, 3), if( ET10=1, 1, -3 ) ), if(ES10=1,if(ET10=1, -1, -2 ), if(ET10=1, 7, 0 ) ) ) -> 5 | EV10: 1 | EW10: =if(ES10=0,EU10,EU10*EV10) -> 5 | EX10: 1 | EY10: 1 | EZ10: 1 | FA10: =if( EX10=1, if( EY10=1, if( EZ10=1, 5, 3), if( EZ10=1, 1, -3 ) ), if(EY10=1,if(EZ10=1, -1, -2 ), if(EZ10=1, 7, 0 ) ) ) -> 5 | FB10: 1 | FC10: =if(EY10=0,FA10,FA10*FB10) -> 5 | FG10: =if( FD10=1, if( FE10=1, if( FF10=1, 5, 3), if( FF10=1, 1, -3 ) ), if(FE10=1,if(FF10=1, -1, -2 ), if(FF10=1, 7, 0 ) ) ) -> 0 | FH10: 1 | FI10: =if(FE10=0,FG10,FG10*FH10) -> 0 | FM10: =if( FJ10=1, if( FK10=1, if( FL10=1, 5, 3), if( FL10=1, 1, -3 ) ), if(FK10=1,if(FL10=1, -1, -2 ), if(FL10=1, 7, 0 ) ) ) -> 0 | FN10: 1 | FO10: =if(FK10=0,FM10,FM10*FN10) -> 0 | FP10: 1 | FQ10: 1 | FR10: 1 | FS10: =if( FP10=1, if( FQ10=1, if( FR10=1, 5, 3), if( FR10=1, 1, -3 ) ), if(FQ10=1,if(FR10=1, -1, -2 ), if(FR10=1, 7, 0 ) ) ) -> 5 | FT10: 1 | FU10: =if(FQ10=0,FS10,FS10*FT10) -> 5 | FV10: 1 | FW10: 1 | FY10: =if( FV10=1, if( FW10=1, if( FX10=1, 5, 3), if( FX10=1, 1, -3 ) ), if(FW10=1,if(FX10=1, -1, -2 ), if(FX10=1, 7, 0 ) ) ) -> 3 | FZ10: 1 | GA10: =if(FW10=0,FY10,FY10*FZ10) -> 3 | GE10: =if( GB10=1, if( GC10=1, if( GD10=1, 5, 3), if( GD10=1, 1, -3 ) ), if(GC10=1,if(GD10=1, -1, -2 ), if(GD10=1, 7, 0 ) ) ) -> 0 | GF10: 1 | GG10: =if(GC10=0,GE10,GE10*GF10) -> 0 | GK10: =if( GH10=1, if( GI10=1, if( GJ10=1, 5, 3), if( GJ10=1, 1, -3 ) ), if(GI10=1,if(GJ10=1, -1, -2 ), if(GJ10=1, 7, 0 ) ) ) -> 0 | GL10: 1 | GM10: =if(GI10=0,GK10,GK10*GL10) -> 0 | GQ10: =if( GN10=1, if( GO10=1, if( GP10=1, 5, 3), if( GP10=1, 1, -3 ) ), if(GO10=1,if(GP10=1, -1, -2 ), if(GP10=1, 7, 0 ) ) ) -> 0 | GR10: 1 | GS10: =if(GO10=0,GQ10,GQ10*GR10) -> 0 | GT10: 1 | GU10: 1 | GV10: 1 | GW10: =if( GT10=1, if( GU10=1, if( GV10=1, 5, 3), if( GV10=1, 1, -3 ) ), if(GU10=1,if(GV10=1, -1, -2 ), if(GV10=1, 7, 0 ) ) ) -> 5 | GX10: 1 | GY10: =if(GU10=0,GW10,GW10*GX10) -> 5 | HC10: =if( GZ10=1, if( HA10=1, if( HB10=1, 5, 3), if( HB10=1, 1, -3 ) ), if(HA10=1,if(HB10=1, -1, -2 ), if(HB10=1, 7, 0 ) ) ) -> 0 | HD10: 1 | HE10: =if(HA10=0,HC10,HC10*HD10) -> 0 | HI10: =if( HF10=1, if( HG10=1, if( HH10=1, 5, 3), if( HH10=1, 1, -3 ) ), if(HG10=1,if(HH10=1, -1, -2 ), if(HH10=1, 7, 0 ) ) ) -> 0 | HJ10: 1 | HK10: =if(HG10=0,HI10,HI10*HJ10) -> 0 | HO10: =if( HL10=1, if( HM10=1, if( HN10=1, 5, 3), if( HN10=1, 1, -3 ) ), if(HM10=1,if(HN10=1, -1, -2 ), if(HN10=1, 7, 0 ) ) ) -> 0 | HP10: 1 | HQ10: =if(HM10=0,HO10,HO10*HP10) -> 0 | HU10: =if( HR10=1, if( HS10=1, if( HT10=1, 5, 3), if( HT10=1, 1, -3 ) ), if(HS10=1,if(HT10=1, -1, -2 ), if(HT10=1, 7, 0 ) ) ) -> 0 | HV10: 1 | HW10: =if(HS10=0,HU10,HU10*HV10) -> 0 | IA10: =if( HX10=1, if( HY10=1, if( HZ10=1, 5, 3), if( HZ10=1, 1, -3 ) ), if(HY10=1,if(HZ10=1, -1, -2 ), if(HZ10=1, 7, 0 ) ) ) -> 0 | IB10: 1 | IC10: =if(HY10=0,IA10,IA10*IB10) -> 0 | IG10: =if( ID10=1, if( IE10=1, if( IF10=1, 5, 3), if( IF10=1, 1, -3 ) ), if(IE10=1,if(IF10=1, -1, -2 ), if(IF10=1, 7, 0 ) ) ) -> 0 | IH10: 1 | II10: =if(IE10=0,IG10,IG10*IH10) -> 0 | IM10: =if( IJ10=1, if( IK10=1, if( IL10=1, 5, 3), if( IL10=1, 1, -3 ) ), if(IK10=1,if(IL10=1, -1, -2 ), if(IL10=1, 7, 0 ) ) ) -> 0 | IN10: 1 | IO10: =if(IK10=0,IM10,IM10*IN10) -> 0
A11: David | B11: Covid | C11: =countA($A$6:A11) -> 6 | D11: =VLOOKUP(A11,TDP!A:C,3,FALSE) -> 0.31 | E11: =(1+$D11)*sum($G11,$M11,$Q11,$U11,$AA11,$AG11,$AM11,$AS11,$AY11,$BE11,$BK11,$BQ11,$BW11,$CC11,$CI11,$CO11,$CU11,$DA11,$DG11,$DM11,$DS11,$DY11,$EE11,$EK11,$EQ11,$EW11,$FC11,$FI11,$FO11,$FU11,$GA11,$GG11,$GM11,$GS11,$GY11,$HE11,$HK11,$HQ11,$HW11,$IC11,$II11,$IO11) -> 153.27 | G11: =if(F11=1, 7, 0 ) -> 0 | H11: 1 | I11: 1 | J11: 1 | K11: =if( H11=1, if( I11=1, if( J11=1, 5, 3), if( J11=1, 1, -3 ) ), if(I11=1,if(J11=1, -1, -2 ), if(J11=1, 7, 0 ) ) ) -> 5 | L11: 1 | M11: =if(I11=0,K11,K11*L11) -> 5 | Q11: =if( N11=1, if( O11=1, if( P11=1, 5, 3), if( P11=1, 1, -3 ) ), if(O11=1,if(P11=1, -1, -2 ), if(P11=1, 7, 0 ) ) ) -> 0 | U11: =if( R11=1, if( S11=1, if( T11=1, 5, 3), if( T11=1, 1, -3 ) ), if(S11=1,if(T11=1, -1, -2 ), if(T11=1, 7, 0 ) ) ) -> 0 | Y11: =if( V11=1, if( W11=1, if( X11=1, 5, 3), if( X11=1, 1, -3 ) ), if(W11=1,if(X11=1, -1, -2 ), if(X11=1, 7, 0 ) ) ) -> 0 | AA11: =if(W11=0,Y11,Y11*Z11) -> 0 | AE11: =if( AB11=1, if( AC11=1, if( AD11=1, 5, 3), if( AD11=1, 1, -3 ) ), if(AC11=1,if(AD11=1, -1, -2 ), if(AD11=1, 7, 0 ) ) ) -> 0 | AG11: =if(AC11=0,AE11,AE11*AF11) -> 0 | AJ11: 1 | AK11: =if( AH11=1, if( AI11=1, if( AJ11=1, 5, 3), if( AJ11=1, 1, -3 ) ), if(AI11=1,if(AJ11=1, -1, -2 ), if(AJ11=1, 7, 0 ) ) ) -> 7 | AM11: =if(AI11=0,AK11,AK11*AL11) -> 7 | AP11: 1 | AQ11: =if( AN11=1, if( AO11=1, if( AP11=1, 5, 3), if( AP11=1, 1, -3 ) ), if(AO11=1,if(AP11=1, -1, -2 ), if(AP11=1, 7, 0 ) ) ) -> 7 | AS11: =if(AO11=0,AQ11,AQ11*AR11) -> 7 | AT11: 1 | AU11: 1 | AV11: 1 | AW11: =if( AT11=1, if( AU11=1, if( AV11=1, 5, 3), if( AV11=1, 1, -3 ) ), if(AU11=1,if(AV11=1, -1, -2 ), if(AV11=1, 7, 0 ) ) ) -> 5 | AX11: 1 | AY11: =if(AU11=0,AW11,AW11*AX11) -> 5 | AZ11: 1 | BA11: 1 | BB11: 1 | BC11: =if( AZ11=1, if( BA11=1, if( BB11=1, 5, 3), if( BB11=1, 1, -3 ) ), if(BA11=1,if(BB11=1, -1, -2 ), if(BB11=1, 7, 0 ) ) ) -> 5 | BD11: 1 | BE11: =if(BA11=0,BC11,BC11*BD11) -> 5 | BF11: 1 | BG11: 1 | BI11: =if( BF11=1, if( BG11=1, if( BH11=1, 5, 3), if( BH11=1, 1, -3 ) ), if(BG11=1,if(BH11=1, -1, -2 ), if(BH11=1, 7, 0 ) ) ) -> 3 | BJ11: 1 | BK11: =if(BG11=0,BI11,BI11*BJ11) -> 3 | BL11: 1 | BM11: 1 | BN11: 1 | BO11: =if( BL11=1, if( BM11=1, if( BN11=1, 5, 3), if( BN11=1, 1, -3 ) ), if(BM11=1,if(BN11=1, -1, -2 ), if(BN11=1, 7, 0 ) ) ) -> 5 | BP11: 1 | BQ11: =if(BM11=0,BO11,BO11*BP11) -> 5 | BT11: 1 | BU11: =if( BR11=1, if( BS11=1, if( BT11=1, 5, 3), if( BT11=1, 1, -3 ) ), if(BS11=1,if(BT11=1, -1, -2 ), if(BT11=1, 7, 0 ) ) ) -> 7 | BW11: =if(BS11=0,BU11,BU11*BV11) -> 7 | BX11: 1 | BY11: 1 | BZ11: 1 | CA11: =if( BX11=1, if( BY11=1, if( BZ11=1, 5, 3), if( BZ11=1, 1, -3 ) ), if(BY11=1,if(BZ11=1, -1, -2 ), if(BZ11=1, 7, 0 ) ) ) -> 5 | CB11: 1 | CC11: =if(BY11=0,CA11,CA11*CB11) -> 5 | CD11: 1 | CE11: 1 | CF11: 1 | CG11: =if( CD11=1, if( CE11=1, if( CF11=1, 5, 3), if( CF11=1, 1, -3 ) ), if(CE11=1,if(CF11=1, -1, -2 ), if(CF11=1, 7, 0 ) ) ) -> 5 | CH11: 1 | CI11: =if(CE11=0,CG11,CG11*CH11) -> 5 | CM11: =if( CJ11=1, if( CK11=1, if( CL11=1, 5, 3), if( CL11=1, 1, -3 ) ), if(CK11=1,if(CL11=1, -1, -2 ), if(CL11=1, 7, 0 ) ) ) -> 0 | CO11: =if(CK11=0,CM11,CM11*CN11) -> 0 | CP11: 1 | CQ11: 1 | CS11: =if( CP11=1, if( CQ11=1, if( CR11=1, 5, 3), if( CR11=1, 1, -3 ) ), if(CQ11=1,if(CR11=1, -1, -2 ), if(CR11=1, 7, 0 ) ) ) -> 3 | CT11: 1 | CU11: =if(CQ11=0,CS11,CS11*CT11) -> 3 | CV11: 1 | CW11: 1 | CY11: =if( CV11=1, if( CW11=1, if( CX11=1, 5, 3), if( CX11=1, 1, -3 ) ), if(CW11=1,if(CX11=1, -1, -2 ), if(CX11=1, 7, 0 ) ) ) -> 3 | CZ11: 1 | DA11: =if(CW11=0,CY11,CY11*CZ11) -> 3 | DB11: 1 | DC11: 1 | DE11: =if( DB11=1, if( DC11=1, if( DD11=1, 5, 3), if( DD11=1, 1, -3 ) ), if(DC11=1,if(DD11=1, -1, -2 ), if(DD11=1, 7, 0 ) ) ) -> 3 | DF11: 1 | DG11: =if(DC11=0,DE11,DE11*DF11) -> 3 | DH11: 1 | DI11: 1 | DK11: =if( DH11=1, if( DI11=1, if( DJ11=1, 5, 3), if( DJ11=1, 1, -3 ) ), if(DI11=1,if(DJ11=1, -1, -2 ), if(DJ11=1, 7, 0 ) ) ) -> 3 | DL11: 1 | DM11: =if(DI11=0,DK11,DK11*DL11) -> 3 | DN11: 1 | DO11: 1 | DP11: 1 | DQ11: =if( DN11=1, if( DO11=1, if( DP11=1, 5, 3), if( DP11=1, 1, -3 ) ), if(DO11=1,if(DP11=1, -1, -2 ), if(DP11=1, 7, 0 ) ) ) -> 5 | DR11: 1 | DS11: =if(DO11=0,DQ11,DQ11*DR11) -> 5 | DT11: 1 | DU11: 1 | DV11: 1 | DW11: =if( DT11=1, if( DU11=1, if( DV11=1, 5, 3), if( DV11=1, 1, -3 ) ), if(DU11=1,if(DV11=1, -1, -2 ), if(DV11=1, 7, 0 ) ) ) -> 5 | DX11: 1 | DY11: =if(DU11=0,DW11,DW11*DX11) -> 5 | DZ11: 1 | EA11: 1 | EC11: =if( DZ11=1, if( EA11=1, if( EB11=1, 5, 3), if( EB11=1, 1, -3 ) ), if(EA11=1,if(EB11=1, -1, -2 ), if(EB11=1, 7, 0 ) ) ) -> 3 | ED11: 1 | EE11: =if(EA11=0,EC11,EC11*ED11) -> 3 | EF11: 1 | EG11: 1 | EI11: =if( EF11=1, if( EG11=1, if( EH11=1, 5, 3), if( EH11=1, 1, -3 ) ), if(EG11=1,if(EH11=1, -1, -2 ), if(EH11=1, 7, 0 ) ) ) -> 3 | EJ11: 1 | EK11: =if(EG11=0,EI11,EI11*EJ11) -> 3 | EL11: 1 | EM11: 1 | EO11: =if( EL11=1, if( EM11=1, if( EN11=1, 5, 3), if( EN11=1, 1, -3 ) ), if(EM11=1,if(EN11=1, -1, -2 ), if(EN11=1, 7, 0 ) ) ) -> 3 | EP11: 1 | EQ11: =if(EM11=0,EO11,EO11*EP11) -> 3 | ER11: 1 | ES11: 1 | EU11: =if( ER11=1, if( ES11=1, if( ET11=1, 5, 3), if( ET11=1, 1, -3 ) ), if(ES11=1,if(ET11=1, -1, -2 ), if(ET11=1, 7, 0 ) ) ) -> 3 | EV11: 1 | EW11: =if(ES11=0,EU11,EU11*EV11) -> 3 | EX11: 1 | EY11: 1 | EZ11: 1 | FA11: =if( EX11=1, if( EY11=1, if( EZ11=1, 5, 3), if( EZ11=1, 1, -3 ) ), if(EY11=1,if(EZ11=1, -1, -2 ), if(EZ11=1, 7, 0 ) ) ) -> 5 | FB11: 1 | FC11: =if(EY11=0,FA11,FA11*FB11) -> 5 | FG11: =if( FD11=1, if( FE11=1, if( FF11=1, 5, 3), if( FF11=1, 1, -3 ) ), if(FE11=1,if(FF11=1, -1, -2 ), if(FF11=1, 7, 0 ) ) ) -> 0 | FH11: 1 | FI11: =if(FE11=0,FG11,FG11*FH11) -> 0 | FM11: =if( FJ11=1, if( FK11=1, if( FL11=1, 5, 3), if( FL11=1, 1, -3 ) ), if(FK11=1,if(FL11=1, -1, -2 ), if(FL11=1, 7, 0 ) ) ) -> 0 | FN11: 1 | FO11: =if(FK11=0,FM11,FM11*FN11) -> 0 | FP11: 1 | FQ11: 1 | FR11: 1 | FS11: =if( FP11=1, if( FQ11=1, if( FR11=1, 5, 3), if( FR11=1, 1, -3 ) ), if(FQ11=1,if(FR11=1, -1, -2 ), if(FR11=1, 7, 0 ) ) ) -> 5 | FT11: 1 | FU11: =if(FQ11=0,FS11,FS11*FT11) -> 5 | FV11: 1 | FW11: 1 | FY11: =if( FV11=1, if( FW11=1, if( FX11=1, 5, 3), if( FX11=1, 1, -3 ) ), if(FW11=1,if(FX11=1, -1, -2 ), if(FX11=1, 7, 0 ) ) ) -> 3 | FZ11: 1 | GA11: =if(FW11=0,FY11,FY11*FZ11) -> 3 | GB11: 1 | GC11: 1 | GE11: =if( GB11=1, if( GC11=1, if( GD11=1, 5, 3), if( GD11=1, 1, -3 ) ), if(GC11=1,if(GD11=1, -1, -2 ), if(GD11=1, 7, 0 ) ) ) -> 3 | GF11: 1 | GG11: =if(GC11=0,GE11,GE11*GF11) -> 3 | GK11: =if( GH11=1, if( GI11=1, if( GJ11=1, 5, 3), if( GJ11=1, 1, -3 ) ), if(GI11=1,if(GJ11=1, -1, -2 ), if(GJ11=1, 7, 0 ) ) ) -> 0 | GL11: 1 | GM11: =if(GI11=0,GK11,GK11*GL11) -> 0 | GQ11: =if( GN11=1, if( GO11=1, if( GP11=1, 5, 3), if( GP11=1, 1, -3 ) ), if(GO11=1,if(GP11=1, -1, -2 ), if(GP11=1, 7, 0 ) ) ) -> 0 | GR11: 1 | GS11: =if(GO11=0,GQ11,GQ11*GR11) -> 0 | GT11: 1 | GU11: 1 | GV11: 1 | GW11: =if( GT11=1, if( GU11=1, if( GV11=1, 5, 3), if( GV11=1, 1, -3 ) ), if(GU11=1,if(GV11=1, -1, -2 ), if(GV11=1, 7, 0 ) ) ) -> 5 | GX11: 1 | GY11: =if(GU11=0,GW11,GW11*GX11) -> 5 | GZ11: 1 | HA11: 1 | HC11: =if( GZ11=1, if( HA11=1, if( HB11=1, 5, 3), if( HB11=1, 1, -3 ) ), if(HA11=1,if(HB11=1, -1, -2 ), if(HB11=1, 7, 0 ) ) ) -> 3 | HD11: 1 | HE11: =if(HA11=0,HC11,HC11*HD11) -> 3 | HF11: 1 | HG11: 1 | HH11: 1 | HI11: =if( HF11=1, if( HG11=1, if( HH11=1, 5, 3), if( HH11=1, 1, -3 ) ), if(HG11=1,if(HH11=1, -1, -2 ), if(HH11=1, 7, 0 ) ) ) -> 5 | HJ11: 1 | HK11: =if(HG11=0,HI11,HI11*HJ11) -> 5 | HO11: =if( HL11=1, if( HM11=1, if( HN11=1, 5, 3), if( HN11=1, 1, -3 ) ), if(HM11=1,if(HN11=1, -1, -2 ), if(HN11=1, 7, 0 ) ) ) -> 0 | HP11: 1 | HQ11: =if(HM11=0,HO11,HO11*HP11) -> 0 | HU11: =if( HR11=1, if( HS11=1, if( HT11=1, 5, 3), if( HT11=1, 1, -3 ) ), if(HS11=1,if(HT11=1, -1, -2 ), if(HT11=1, 7, 0 ) ) ) -> 0 | HV11: 1 | HW11: =if(HS11=0,HU11,HU11*HV11) -> 0 | IA11: =if( HX11=1, if( HY11=1, if( HZ11=1, 5, 3), if( HZ11=1, 1, -3 ) ), if(HY11=1,if(HZ11=1, -1, -2 ), if(HZ11=1, 7, 0 ) ) ) -> 0 | IB11: 1 | IC11: =if(HY11=0,IA11,IA11*IB11) -> 0 | IG11: =if( ID11=1, if( IE11=1, if( IF11=1, 5, 3), if( IF11=1, 1, -3 ) ), if(IE11=1,if(IF11=1, -1, -2 ), if(IF11=1, 7, 0 ) ) ) -> 0 | IH11: 1 | II11: =if(IE11=0,IG11,IG11*IH11) -> 0 | IM11: =if( IJ11=1, if( IK11=1, if( IL11=1, 5, 3), if( IL11=1, 1, -3 ) ), if(IK11=1,if(IL11=1, -1, -2 ), if(IL11=1, 7, 0 ) ) ) -> 0 | IN11: 1 | IO11: =if(IK11=0,IM11,IM11*IN11) -> 0
A12: Israel | C12: =countA($A$6:A12) -> 7 | D12: =VLOOKUP(A12,TDP!A:C,3,FALSE) -> 0.16 | E12: =(1+$D12)*sum($G12,$M12,$Q12,$U12,$AA12,$AG12,$AM12,$AS12,$AY12,$BE12,$BK12,$BQ12,$BW12,$CC12,$CI12,$CO12,$CU12,$DA12,$DG12,$DM12,$DS12,$DY12,$EE12,$EK12,$EQ12,$EW12,$FC12,$FI12,$FO12,$FU12,$GA12,$GG12,$GM12,$GS12,$GY12,$HE12,$HK12,$HQ12,$HW12,$IC12,$II12,$IO12) -> 142.68 | F12: 1 | G12: =if(F12=1, 7, 0 ) -> 7 | K12: =if( H12=1, if( I12=1, if( J12=1, 5, 3), if( J12=1, 1, -3 ) ), if(I12=1,if(J12=1, -1, -2 ), if(J12=1, 7, 0 ) ) ) -> 0 | M12: =if(I12=0,K12,K12*L12) -> 0 | Q12: =if( N12=1, if( O12=1, if( P12=1, 5, 3), if( P12=1, 1, -3 ) ), if(O12=1,if(P12=1, -1, -2 ), if(P12=1, 7, 0 ) ) ) -> 0 | U12: =if( R12=1, if( S12=1, if( T12=1, 5, 3), if( T12=1, 1, -3 ) ), if(S12=1,if(T12=1, -1, -2 ), if(T12=1, 7, 0 ) ) ) -> 0 | V12: 1 | W12: 1 | X12: 1 | Y12: =if( V12=1, if( W12=1, if( X12=1, 5, 3), if( X12=1, 1, -3 ) ), if(W12=1,if(X12=1, -1, -2 ), if(X12=1, 7, 0 ) ) ) -> 5 | AA12: =if(W12=0,Y12,Y12*Z12) -> 0 | AD12: 1 | AE12: =if( AB12=1, if( AC12=1, if( AD12=1, 5, 3), if( AD12=1, 1, -3 ) ), if(AC12=1,if(AD12=1, -1, -2 ), if(AD12=1, 7, 0 ) ) ) -> 7 | AG12: =if(AC12=0,AE12,AE12*AF12) -> 7 | AK12: =if( AH12=1, if( AI12=1, if( AJ12=1, 5, 3), if( AJ12=1, 1, -3 ) ), if(AI12=1,if(AJ12=1, -1, -2 ), if(AJ12=1, 7, 0 ) ) ) -> 0 | AM12: =if(AI12=0,AK12,AK12*AL12) -> 0 | AP12: 1 | AQ12: =if( AN12=1, if( AO12=1, if( AP12=1, 5, 3), if( AP12=1, 1, -3 ) ), if(AO12=1,if(AP12=1, -1, -2 ), if(AP12=1, 7, 0 ) ) ) -> 7 | AS12: =if(AO12=0,AQ12,AQ12*AR12) -> 7 | AT12: 1 | AU12: 1 | AV12: 1 | AW12: =if( AT12=1, if( AU12=1, if( AV12=1, 5, 3), if( AV12=1, 1, -3 ) ), if(AU12=1,if(AV12=1, -1, -2 ), if(AV12=1, 7, 0 ) ) ) -> 5 | AX12: 1 | AY12: =if(AU12=0,AW12,AW12*AX12) -> 5 | BB12: 1 | BC12: =if( AZ12=1, if( BA12=1, if( BB12=1, 5, 3), if( BB12=1, 1, -3 ) ), if(BA12=1,if(BB12=1, -1, -2 ), if(BB12=1, 7, 0 ) ) ) -> 7 | BE12: =if(BA12=0,BC12,BC12*BD12) -> 7 | BF12: 1 | BG12: 1 | BH12: 1 | BI12: =if( BF12=1, if( BG12=1, if( BH12=1, 5, 3), if( BH12=1, 1, -3 ) ), if(BG12=1,if(BH12=1, -1, -2 ), if(BH12=1, 7, 0 ) ) ) -> 5 | BJ12: 1 | BK12: =if(BG12=0,BI12,BI12*BJ12) -> 5 | BL12: 1 | BM12: 1 | BN12: 1 | BO12: =if( BL12=1, if( BM12=1, if( BN12=1, 5, 3), if( BN12=1, 1, -3 ) ), if(BM12=1,if(BN12=1, -1, -2 ), if(BN12=1, 7, 0 ) ) ) -> 5 | BP12: 1 | BQ12: =if(BM12=0,BO12,BO12*BP12) -> 5 | BT12: 1 | BU12: =if( BR12=1, if( BS12=1, if( BT12=1, 5, 3), if( BT12=1, 1, -3 ) ), if(BS12=1,if(BT12=1, -1, -2 ), if(BT12=1, 7, 0 ) ) ) -> 7 | BW12: =if(BS12=0,BU12,BU12*BV12) -> 7 | BX12: 1 | BY12: 1 | BZ12: 1 | CA12: =if( BX12=1, if( BY12=1, if( BZ12=1, 5, 3), if( BZ12=1, 1, -3 ) ), if(BY12=1,if(BZ12=1, -1, -2 ), if(BZ12=1, 7, 0 ) ) ) -> 5 | CB12: 1 | CC12: =if(BY12=0,CA12,CA12*CB12) -> 5 | CD12: 1 | CE12: 1 | CF12: 1 | CG12: =if( CD12=1, if( CE12=1, if( CF12=1, 5, 3), if( CF12=1, 1, -3 ) ), if(CE12=1,if(CF12=1, -1, -2 ), if(CF12=1, 7, 0 ) ) ) -> 5 | CH12: 1 | CI12: =if(CE12=0,CG12,CG12*CH12) -> 5 | CL12: 1 | CM12: =if( CJ12=1, if( CK12=1, if( CL12=1, 5, 3), if( CL12=1, 1, -3 ) ), if(CK12=1,if(CL12=1, -1, -2 ), if(CL12=1, 7, 0 ) ) ) -> 7 | CO12: =if(CK12=0,CM12,CM12*CN12) -> 7 | CP12: 1 | CQ12: 1 | CR12: 1 | CS12: =if( CP12=1, if( CQ12=1, if( CR12=1, 5, 3), if( CR12=1, 1, -3 ) ), if(CQ12=1,if(CR12=1, -1, -2 ), if(CR12=1, 7, 0 ) ) ) -> 5 | CT12: 1 | CU12: =if(CQ12=0,CS12,CS12*CT12) -> 5 | CV12: 1 | CW12: 1 | CX12: 1 | CY12: =if( CV12=1, if( CW12=1, if( CX12=1, 5, 3), if( CX12=1, 1, -3 ) ), if(CW12=1,if(CX12=1, -1, -2 ), if(CX12=1, 7, 0 ) ) ) -> 5 | CZ12: 1 | DA12: =if(CW12=0,CY12,CY12*CZ12) -> 5 | DE12: =if( DB12=1, if( DC12=1, if( DD12=1, 5, 3), if( DD12=1, 1, -3 ) ), if(DC12=1,if(DD12=1, -1, -2 ), if(DD12=1, 7, 0 ) ) ) -> 0 | DF12: 1 | DG12: =if(DC12=0,DE12,DE12*DF12) -> 0 | DK12: =if( DH12=1, if( DI12=1, if( DJ12=1, 5, 3), if( DJ12=1, 1, -3 ) ), if(DI12=1,if(DJ12=1, -1, -2 ), if(DJ12=1, 7, 0 ) ) ) -> 0 | DL12: 1 | DM12: =if(DI12=0,DK12,DK12*DL12) -> 0 | DQ12: =if( DN12=1, if( DO12=1, if( DP12=1, 5, 3), if( DP12=1, 1, -3 ) ), if(DO12=1,if(DP12=1, -1, -2 ), if(DP12=1, 7, 0 ) ) ) -> 0 | DR12: 1 | DS12: =if(DO12=0,DQ12,DQ12*DR12) -> 0 | DT12: 1 | DU12: 1 | DV12: 1 | DW12: =if( DT12=1, if( DU12=1, if( DV12=1, 5, 3), if( DV12=1, 1, -3 ) ), if(DU12=1,if(DV12=1, -1, -2 ), if(DV12=1, 7, 0 ) ) ) -> 5 | DX12: 1 | DY12: =if(DU12=0,DW12,DW12*DX12) -> 5 | EC12: =if( DZ12=1, if( EA12=1, if( EB12=1, 5, 3), if( EB12=1, 1, -3 ) ), if(EA12=1,if(EB12=1, -1, -2 ), if(EB12=1, 7, 0 ) ) ) -> 0 | ED12: 1 | EE12: =if(EA12=0,EC12,EC12*ED12) -> 0 | EF12: 1 | EG12: 1 | EH12: 1 | EI12: =if( EF12=1, if( EG12=1, if( EH12=1, 5, 3), if( EH12=1, 1, -3 ) ), if(EG12=1,if(EH12=1, -1, -2 ), if(EH12=1, 7, 0 ) ) ) -> 5 | EJ12: 1 | EK12: =if(EG12=0,EI12,EI12*EJ12) -> 5 | EL12: 1 | EM12: 1 | EN12: 1 | EO12: =if( EL12=1, if( EM12=1, if( EN12=1, 5, 3), if( EN12=1, 1, -3 ) ), if(EM12=1,if(EN12=1, -1, -2 ), if(EN12=1, 7, 0 ) ) ) -> 5 | EP12: 1 | EQ12: =if(EM12=0,EO12,EO12*EP12) -> 5 | ER12: 1 | ES12: 1 | ET12: 1 | EU12: =if( ER12=1, if( ES12=1, if( ET12=1, 5, 3), if( ET12=1, 1, -3 ) ), if(ES12=1,if(ET12=1, -1, -2 ), if(ET12=1, 7, 0 ) ) ) -> 5 | EV12: 1 | EW12: =if(ES12=0,EU12,EU12*EV12) -> 5 | FA12: =if( EX12=1, if( EY12=1, if( EZ12=1, 5, 3), if( EZ12=1, 1, -3 ) ), if(EY12=1,if(EZ12=1, -1, -2 ), if(EZ12=1, 7, 0 ) ) ) -> 0 | FB12: 1 | FC12: =if(EY12=0,FA12,FA12*FB12) -> 0 | FG12: =if( FD12=1, if( FE12=1, if( FF12=1, 5, 3), if( FF12=1, 1, -3 ) ), if(FE12=1,if(FF12=1, -1, -2 ), if(FF12=1, 7, 0 ) ) ) -> 0 | FH12: 1 | FI12: =if(FE12=0,FG12,FG12*FH12) -> 0 | FM12: =if( FJ12=1, if( FK12=1, if( FL12=1, 5, 3), if( FL12=1, 1, -3 ) ), if(FK12=1,if(FL12=1, -1, -2 ), if(FL12=1, 7, 0 ) ) ) -> 0 | FN12: 1 | FO12: =if(FK12=0,FM12,FM12*FN12) -> 0 | FP12: 1 | FQ12: 1 | FR12: 1 | FS12: =if( FP12=1, if( FQ12=1, if( FR12=1, 5, 3), if( FR12=1, 1, -3 ) ), if(FQ12=1,if(FR12=1, -1, -2 ), if(FR12=1, 7, 0 ) ) ) -> 5 | FT12: 1 | FU12: =if(FQ12=0,FS12,FS12*FT12) -> 5 | FV12: 1 | FW12: 1 | FY12: =if( FV12=1, if( FW12=1, if( FX12=1, 5, 3), if( FX12=1, 1, -3 ) ), if(FW12=1,if(FX12=1, -1, -2 ), if(FX12=1, 7, 0 ) ) ) -> 3 | FZ12: 1 | GA12: =if(FW12=0,FY12,FY12*FZ12) -> 3 | GB12: 1 | GC12: 1 | GD12: 1 | GE12: =if( GB12=1, if( GC12=1, if( GD12=1, 5, 3), if( GD12=1, 1, -3 ) ), if(GC12=1,if(GD12=1, -1, -2 ), if(GD12=1, 7, 0 ) ) ) -> 5 | GF12: 1 | GG12: =if(GC12=0,GE12,GE12*GF12) -> 5 | GH12: 1 | GI12: 1 | GJ12: 1 | GK12: =if( GH12=1, if( GI12=1, if( GJ12=1, 5, 3), if( GJ12=1, 1, -3 ) ), if(GI12=1,if(GJ12=1, -1, -2 ), if(GJ12=1, 7, 0 ) ) ) -> 5 | GL12: 1 | GM12: =if(GI12=0,GK12,GK12*GL12) -> 5 | GQ12: =if( GN12=1, if( GO12=1, if( GP12=1, 5, 3), if( GP12=1, 1, -3 ) ), if(GO12=1,if(GP12=1, -1, -2 ), if(GP12=1, 7, 0 ) ) ) -> 0 | GR12: 1 | GS12: =if(GO12=0,GQ12,GQ12*GR12) -> 0 | GT12: 1 | GU12: 1 | GV12: 1 | GW12: =if( GT12=1, if( GU12=1, if( GV12=1, 5, 3), if( GV12=1, 1, -3 ) ), if(GU12=1,if(GV12=1, -1, -2 ), if(GV12=1, 7, 0 ) ) ) -> 5 | GX12: 1 | GY12: =if(GU12=0,GW12,GW12*GX12) -> 5 | GZ12: 1 | HA12: 1 | HC12: =if( GZ12=1, if( HA12=1, if( HB12=1, 5, 3), if( HB12=1, 1, -3 ) ), if(HA12=1,if(HB12=1, -1, -2 ), if(HB12=1, 7, 0 ) ) ) -> 3 | HD12: 1 | HE12: =if(HA12=0,HC12,HC12*HD12) -> 3 | HI12: =if( HF12=1, if( HG12=1, if( HH12=1, 5, 3), if( HH12=1, 1, -3 ) ), if(HG12=1,if(HH12=1, -1, -2 ), if(HH12=1, 7, 0 ) ) ) -> 0 | HJ12: 1 | HK12: =if(HG12=0,HI12,HI12*HJ12) -> 0 | HO12: =if( HL12=1, if( HM12=1, if( HN12=1, 5, 3), if( HN12=1, 1, -3 ) ), if(HM12=1,if(HN12=1, -1, -2 ), if(HN12=1, 7, 0 ) ) ) -> 0 | HP12: 1 | HQ12: =if(HM12=0,HO12,HO12*HP12) -> 0 | HU12: =if( HR12=1, if( HS12=1, if( HT12=1, 5, 3), if( HT12=1, 1, -3 ) ), if(HS12=1,if(HT12=1, -1, -2 ), if(HT12=1, 7, 0 ) ) ) -> 0 | HV12: 1 | HW12: =if(HS12=0,HU12,HU12*HV12) -> 0 | IA12: =if( HX12=1, if( HY12=1, if( HZ12=1, 5, 3), if( HZ12=1, 1, -3 ) ), if(HY12=1,if(HZ12=1, -1, -2 ), if(HZ12=1, 7, 0 ) ) ) -> 0 | IB12: 1 | IC12: =if(HY12=0,IA12,IA12*IB12) -> 0 | IG12: =if( ID12=1, if( IE12=1, if( IF12=1, 5, 3), if( IF12=1, 1, -3 ) ), if(IE12=1,if(IF12=1, -1, -2 ), if(IF12=1, 7, 0 ) ) ) -> 0 | IH12: 1 | II12: =if(IE12=0,IG12,IG12*IH12) -> 0 | IM12: =if( IJ12=1, if( IK12=1, if( IL12=1, 5, 3), if( IL12=1, 1, -3 ) ), if(IK12=1,if(IL12=1, -1, -2 ), if(IL12=1, 7, 0 ) ) ) -> 0 | IN12: 1 | IO12: =if(IK12=0,IM12,IM12*IN12) -> 0
A13: Ramiro | B13: Pipita | C13: =countA($A$6:A13) -> 8 | D13: =VLOOKUP(A13,TDP!A:C,3,FALSE) -> 0.19 | E13: =(1+$D13)*sum($G13,$M13,$Q13,$U13,$AA13,$AG13,$AM13,$AS13,$AY13,$BE13,$BK13,$BQ13,$BW13,$CC13,$CI13,$CO13,$CU13,$DA13,$DG13,$DM13,$DS13,$DY13,$EE13,$EK13,$EQ13,$EW13,$FC13,$FI13,$FO13,$FU13,$GA13,$GG13,$GM13,$GS13,$GY13,$HE13,$HK13,$HQ13,$HW13,$IC13,$II13,$IO13) -> 130.9 | F13: 1 | G13: =if(F13=1, 7, 0 ) -> 7 | H13: 1 | I13: 1 | J13: 1 | K13: =if( H13=1, if( I13=1, if( J13=1, 5, 3), if( J13=1, 1, -3 ) ), if(I13=1,if(J13=1, -1, -2 ), if(J13=1, 7, 0 ) ) ) -> 5 | L13: 1 | M13: =if(I13=0,K13,K13*L13) -> 5 | Q13: =if( N13=1, if( O13=1, if( P13=1, 5, 3), if( P13=1, 1, -3 ) ), if(O13=1,if(P13=1, -1, -2 ), if(P13=1, 7, 0 ) ) ) -> 0 | U13: =if( R13=1, if( S13=1, if( T13=1, 5, 3), if( T13=1, 1, -3 ) ), if(S13=1,if(T13=1, -1, -2 ), if(T13=1, 7, 0 ) ) ) -> 0 | V13: 1 | W13: 1 | X13: 1 | Y13: =if( V13=1, if( W13=1, if( X13=1, 5, 3), if( X13=1, 1, -3 ) ), if(W13=1,if(X13=1, -1, -2 ), if(X13=1, 7, 0 ) ) ) -> 5 | Z13: 1 | AA13: =if(W13=0,Y13,Y13*Z13) -> 5 | AB13: 1 | AC13: 1 | AD13: 1 | AE13: =if( AB13=1, if( AC13=1, if( AD13=1, 5, 3), if( AD13=1, 1, -3 ) ), if(AC13=1,if(AD13=1, -1, -2 ), if(AD13=1, 7, 0 ) ) ) -> 5 | AF13: 1 | AG13: =if(AC13=0,AE13,AE13*AF13) -> 5 | AH13: 1 | AI13: 1 | AJ13: 1 | AK13: =if( AH13=1, if( AI13=1, if( AJ13=1, 5, 3), if( AJ13=1, 1, -3 ) ), if(AI13=1,if(AJ13=1, -1, -2 ), if(AJ13=1, 7, 0 ) ) ) -> 5 | AL13: 1 | AM13: =if(AI13=0,AK13,AK13*AL13) -> 5 | AN13: 1 | AO13: 1 | AP13: 1 | AQ13: =if( AN13=1, if( AO13=1, if( AP13=1, 5, 3), if( AP13=1, 1, -3 ) ), if(AO13=1,if(AP13=1, -1, -2 ), if(AP13=1, 7, 0 ) ) ) -> 5 | AR13: 1 | AS13: =if(AO13=0,AQ13,AQ13*AR13) -> 5 | AT13: 1 | AU13: 1 | AV13: 1 | AW13: =if( AT13=1, if( AU13=1, if( AV13=1, 5, 3), if( AV13=1, 1, -3 ) ), if(AU13=1,if(AV13=1, -1, -2 ), if(AV13=1, 7, 0 ) ) ) -> 5 | AX13: 1 | AY13: =if(AU13=0,AW13,AW13*AX13) -> 5 | AZ13: 1 | BA13: 1 | BB13: 1 | BC13: =if( AZ13=1, if( BA13=1, if( BB13=1, 5, 3), if( BB13=1, 1, -3 ) ), if(BA13=1,if(BB13=1, -1, -2 ), if(BB13=1, 7, 0 ) ) ) -> 5 | BD13: 1 | BE13: =if(BA13=0,BC13,BC13*BD13) -> 5 | BH13: 1 | BI13: =if( BF13=1, if( BG13=1, if( BH13=1, 5, 3), if( BH13=1, 1, -3 ) ), if(BG13=1,if(BH13=1, -1, -2 ), if(BH13=1, 7, 0 ) ) ) -> 7 | BK13: =if(BG13=0,BI13,BI13*BJ13) -> 7 | BN13: 1 | BO13: =if( BL13=1, if( BM13=1, if( BN13=1, 5, 3), if( BN13=1, 1, -3 ) ), if(BM13=1,if(BN13=1, -1, -2 ), if(BN13=1, 7, 0 ) ) ) -> 7 | BQ13: =if(BM13=0,BO13,BO13*BP13) -> 7 | BR13: 1 | BS13: 1 | BU13: =if( BR13=1, if( BS13=1, if( BT13=1, 5, 3), if( BT13=1, 1, -3 ) ), if(BS13=1,if(BT13=1, -1, -2 ), if(BT13=1, 7, 0 ) ) ) -> 3 | BV13: 1 | BW13: =if(BS13=0,BU13,BU13*BV13) -> 3 | BX13: 1 | BY13: 1 | BZ13: 1 | CA13: =if( BX13=1, if( BY13=1, if( BZ13=1, 5, 3), if( BZ13=1, 1, -3 ) ), if(BY13=1,if(BZ13=1, -1, -2 ), if(BZ13=1, 7, 0 ) ) ) -> 5 | CB13: 1 | CC13: =if(BY13=0,CA13,CA13*CB13) -> 5 | CD13: 1 | CE13: 1 | CF13: 1 | CG13: =if( CD13=1, if( CE13=1, if( CF13=1, 5, 3), if( CF13=1, 1, -3 ) ), if(CE13=1,if(CF13=1, -1, -2 ), if(CF13=1, 7, 0 ) ) ) -> 5 | CH13: 1 | CI13: =if(CE13=0,CG13,CG13*CH13) -> 5 | CJ13: 1 | CK13: 1 | CL13: 1 | CM13: =if( CJ13=1, if( CK13=1, if( CL13=1, 5, 3), if( CL13=1, 1, -3 ) ), if(CK13=1,if(CL13=1, -1, -2 ), if(CL13=1, 7, 0 ) ) ) -> 5 | CN13: 1 | CO13: =if(CK13=0,CM13,CM13*CN13) -> 5 | CS13: =if( CP13=1, if( CQ13=1, if( CR13=1, 5, 3), if( CR13=1, 1, -3 ) ), if(CQ13=1,if(CR13=1, -1, -2 ), if(CR13=1, 7, 0 ) ) ) -> 0 | CU13: =if(CQ13=0,CS13,CS13*CT13) -> 0 | CV13: 1 | CW13: 1 | CY13: =if( CV13=1, if( CW13=1, if( CX13=1, 5, 3), if( CX13=1, 1, -3 ) ), if(CW13=1,if(CX13=1, -1, -2 ), if(CX13=1, 7, 0 ) ) ) -> 3 | CZ13: 1 | DA13: =if(CW13=0,CY13,CY13*CZ13) -> 3 | DE13: =if( DB13=1, if( DC13=1, if( DD13=1, 5, 3), if( DD13=1, 1, -3 ) ), if(DC13=1,if(DD13=1, -1, -2 ), if(DD13=1, 7, 0 ) ) ) -> 0 | DF13: 1 | DG13: =if(DC13=0,DE13,DE13*DF13) -> 0 | DH13: 1 | DI13: 1 | DJ13: 1 | DK13: =if( DH13=1, if( DI13=1, if( DJ13=1, 5, 3), if( DJ13=1, 1, -3 ) ), if(DI13=1,if(DJ13=1, -1, -2 ), if(DJ13=1, 7, 0 ) ) ) -> 5 | DL13: 1 | DM13: =if(DI13=0,DK13,DK13*DL13) -> 5 | DQ13: =if( DN13=1, if( DO13=1, if( DP13=1, 5, 3), if( DP13=1, 1, -3 ) ), if(DO13=1,if(DP13=1, -1, -2 ), if(DP13=1, 7, 0 ) ) ) -> 0 | DR13: 1 | DS13: =if(DO13=0,DQ13,DQ13*DR13) -> 0 | DT13: 1 | DU13: 1 | DV13: 1 | DW13: =if( DT13=1, if( DU13=1, if( DV13=1, 5, 3), if( DV13=1, 1, -3 ) ), if(DU13=1,if(DV13=1, -1, -2 ), if(DV13=1, 7, 0 ) ) ) -> 5 | DX13: 1 | DY13: =if(DU13=0,DW13,DW13*DX13) -> 5 | EC13: =if( DZ13=1, if( EA13=1, if( EB13=1, 5, 3), if( EB13=1, 1, -3 ) ), if(EA13=1,if(EB13=1, -1, -2 ), if(EB13=1, 7, 0 ) ) ) -> 0 | ED13: 1 | EE13: =if(EA13=0,EC13,EC13*ED13) -> 0 | EF13: 1 | EG13: 1 | EH13: 1 | EI13: =if( EF13=1, if( EG13=1, if( EH13=1, 5, 3), if( EH13=1, 1, -3 ) ), if(EG13=1,if(EH13=1, -1, -2 ), if(EH13=1, 7, 0 ) ) ) -> 5 | EJ13: 1 | EK13: =if(EG13=0,EI13,EI13*EJ13) -> 5 | EL13: 1 | EM13: 1 | EN13: 1 | EO13: =if( EL13=1, if( EM13=1, if( EN13=1, 5, 3), if( EN13=1, 1, -3 ) ), if(EM13=1,if(EN13=1, -1, -2 ), if(EN13=1, 7, 0 ) ) ) -> 5 | EP13: 1 | EQ13: =if(EM13=0,EO13,EO13*EP13) -> 5 | ER13: 1 | ES13: 1 | ET13: 1 | EU13: =if( ER13=1, if( ES13=1, if( ET13=1, 5, 3), if( ET13=1, 1, -3 ) ), if(ES13=1,if(ET13=1, -1, -2 ), if(ET13=1, 7, 0 ) ) ) -> 5 | EV13: 1 | EW13: =if(ES13=0,EU13,EU13*EV13) -> 5 | EX13: 1 | EY13: 1 | EZ13: 1 | FA13: =if( EX13=1, if( EY13=1, if( EZ13=1, 5, 3), if( EZ13=1, 1, -3 ) ), if(EY13=1,if(EZ13=1, -1, -2 ), if(EZ13=1, 7, 0 ) ) ) -> 5 | FB13: 1 | FC13: =if(EY13=0,FA13,FA13*FB13) -> 5 | FG13: =if( FD13=1, if( FE13=1, if( FF13=1, 5, 3), if( FF13=1, 1, -3 ) ), if(FE13=1,if(FF13=1, -1, -2 ), if(FF13=1, 7, 0 ) ) ) -> 0 | FH13: 1 | FI13: =if(FE13=0,FG13,FG13*FH13) -> 0 | FM13: =if( FJ13=1, if( FK13=1, if( FL13=1, 5, 3), if( FL13=1, 1, -3 ) ), if(FK13=1,if(FL13=1, -1, -2 ), if(FL13=1, 7, 0 ) ) ) -> 0 | FN13: 1 | FO13: =if(FK13=0,FM13,FM13*FN13) -> 0 | FP13: 1 | FQ13: 1 | FS13: =if( FP13=1, if( FQ13=1, if( FR13=1, 5, 3), if( FR13=1, 1, -3 ) ), if(FQ13=1,if(FR13=1, -1, -2 ), if(FR13=1, 7, 0 ) ) ) -> 3 | FT13: 1 | FU13: =if(FQ13=0,FS13,FS13*FT13) -> 3 | FY13: =if( FV13=1, if( FW13=1, if( FX13=1, 5, 3), if( FX13=1, 1, -3 ) ), if(FW13=1,if(FX13=1, -1, -2 ), if(FX13=1, 7, 0 ) ) ) -> 0 | FZ13: 1 | GA13: =if(FW13=0,FY13,FY13*FZ13) -> 0 | GE13: =if( GB13=1, if( GC13=1, if( GD13=1, 5, 3), if( GD13=1, 1, -3 ) ), if(GC13=1,if(GD13=1, -1, -2 ), if(GD13=1, 7, 0 ) ) ) -> 0 | GF13: 1 | GG13: =if(GC13=0,GE13,GE13*GF13) -> 0 | GK13: =if( GH13=1, if( GI13=1, if( GJ13=1, 5, 3), if( GJ13=1, 1, -3 ) ), if(GI13=1,if(GJ13=1, -1, -2 ), if(GJ13=1, 7, 0 ) ) ) -> 0 | GL13: 1 | GM13: =if(GI13=0,GK13,GK13*GL13) -> 0 | GQ13: =if( GN13=1, if( GO13=1, if( GP13=1, 5, 3), if( GP13=1, 1, -3 ) ), if(GO13=1,if(GP13=1, -1, -2 ), if(GP13=1, 7, 0 ) ) ) -> 0 | GR13: 1 | GS13: =if(GO13=0,GQ13,GQ13*GR13) -> 0 | GW13: =if( GT13=1, if( GU13=1, if( GV13=1, 5, 3), if( GV13=1, 1, -3 ) ), if(GU13=1,if(GV13=1, -1, -2 ), if(GV13=1, 7, 0 ) ) ) -> 0 | GX13: 1 | GY13: =if(GU13=0,GW13,GW13*GX13) -> 0 | HC13: =if( GZ13=1, if( HA13=1, if( HB13=1, 5, 3), if( HB13=1, 1, -3 ) ), if(HA13=1,if(HB13=1, -1, -2 ), if(HB13=1, 7, 0 ) ) ) -> 0 | HD13: 1 | HE13: =if(HA13=0,HC13,HC13*HD13) -> 0 | HI13: =if( HF13=1, if( HG13=1, if( HH13=1, 5, 3), if( HH13=1, 1, -3 ) ), if(HG13=1,if(HH13=1, -1, -2 ), if(HH13=1, 7, 0 ) ) ) -> 0 | HJ13: 1 | HK13: =if(HG13=0,HI13,HI13*HJ13) -> 0 | HO13: =if( HL13=1, if( HM13=1, if( HN13=1, 5, 3), if( HN13=1, 1, -3 ) ), if(HM13=1,if(HN13=1, -1, -2 ), if(HN13=1, 7, 0 ) ) ) -> 0 | HP13: 1 | HQ13: =if(HM13=0,HO13,HO13*HP13) -> 0 | HU13: =if( HR13=1, if( HS13=1, if( HT13=1, 5, 3), if( HT13=1, 1, -3 ) ), if(HS13=1,if(HT13=1, -1, -2 ), if(HT13=1, 7, 0 ) ) ) -> 0 | HV13: 1 | HW13: =if(HS13=0,HU13,HU13*HV13) -> 0 | IA13: =if( HX13=1, if( HY13=1, if( HZ13=1, 5, 3), if( HZ13=1, 1, -3 ) ), if(HY13=1,if(HZ13=1, -1, -2 ), if(HZ13=1, 7, 0 ) ) ) -> 0 | IB13: 1 | IC13: =if(HY13=0,IA13,IA13*IB13) -> 0 | IG13: =if( ID13=1, if( IE13=1, if( IF13=1, 5, 3), if( IF13=1, 1, -3 ) ), if(IE13=1,if(IF13=1, -1, -2 ), if(IF13=1, 7, 0 ) ) ) -> 0 | IH13: 1 | II13: =if(IE13=0,IG13,IG13*IH13) -> 0 | IM13: =if( IJ13=1, if( IK13=1, if( IL13=1, 5, 3), if( IL13=1, 1, -3 ) ), if(IK13=1,if(IL13=1, -1, -2 ), if(IL13=1, 7, 0 ) ) ) -> 0 | IN13: 1 | IO13: =if(IK13=0,IM13,IM13*IN13) -> 0
A14: Cristian | C14: =countA($A$6:A14) -> 9 | D14: =VLOOKUP(A14,TDP!A:C,3,FALSE) -> 0.08 | E14: =(1+$D14)*sum($G14,$M14,$Q14,$U14,$AA14,$AG14,$AM14,$AS14,$AY14,$BE14,$BK14,$BQ14,$BW14,$CC14,$CI14,$CO14,$CU14,$DA14,$DG14,$DM14,$DS14,$DY14,$EE14,$EK14,$EQ14,$EW14,$FC14,$FI14,$FO14,$FU14,$GA14,$GG14,$GM14,$GS14,$GY14,$HE14,$HK14,$HQ14,$HW14,$IC14,$II14,$IO14) -> 125.28 | G14: =if(F14=1, 7, 0 ) -> 0 | H14: 1 | I14: 1 | J14: 1 | K14: =if( H14=1, if( I14=1, if( J14=1, 5, 3), if( J14=1, 1, -3 ) ), if(I14=1,if(J14=1, -1, -2 ), if(J14=1, 7, 0 ) ) ) -> 5 | L14: 1 | M14: =if(I14=0,K14,K14*L14) -> 5 | Q14: =if( N14=1, if( O14=1, if( P14=1, 5, 3), if( P14=1, 1, -3 ) ), if(O14=1,if(P14=1, -1, -2 ), if(P14=1, 7, 0 ) ) ) -> 0 | U14: =if( R14=1, if( S14=1, if( T14=1, 5, 3), if( T14=1, 1, -3 ) ), if(S14=1,if(T14=1, -1, -2 ), if(T14=1, 7, 0 ) ) ) -> 0 | Y14: =if( V14=1, if( W14=1, if( X14=1, 5, 3), if( X14=1, 1, -3 ) ), if(W14=1,if(X14=1, -1, -2 ), if(X14=1, 7, 0 ) ) ) -> 0 | AA14: =if(W14=0,Y14,Y14*Z14) -> 0 | AB14: 1 | AC14: 1 | AD14: 1 | AE14: =if( AB14=1, if( AC14=1, if( AD14=1, 5, 3), if( AD14=1, 1, -3 ) ), if(AC14=1,if(AD14=1, -1, -2 ), if(AD14=1, 7, 0 ) ) ) -> 5 | AF14: 1 | AG14: =if(AC14=0,AE14,AE14*AF14) -> 5 | AH14: 1 | AI14: 1 | AJ14: 1 | AK14: =if( AH14=1, if( AI14=1, if( AJ14=1, 5, 3), if( AJ14=1, 1, -3 ) ), if(AI14=1,if(AJ14=1, -1, -2 ), if(AJ14=1, 7, 0 ) ) ) -> 5 | AL14: 1 | AM14: =if(AI14=0,AK14,AK14*AL14) -> 5 | AP14: 1 | AQ14: =if( AN14=1, if( AO14=1, if( AP14=1, 5, 3), if( AP14=1, 1, -3 ) ), if(AO14=1,if(AP14=1, -1, -2 ), if(AP14=1, 7, 0 ) ) ) -> 7 | AS14: =if(AO14=0,AQ14,AQ14*AR14) -> 7 | AV14: 1 | AW14: =if( AT14=1, if( AU14=1, if( AV14=1, 5, 3), if( AV14=1, 1, -3 ) ), if(AU14=1,if(AV14=1, -1, -2 ), if(AV14=1, 7, 0 ) ) ) -> 7 | AY14: =if(AU14=0,AW14,AW14*AX14) -> 7 | AZ14: 1 | BA14: 1 | BB14: 1 | BC14: =if( AZ14=1, if( BA14=1, if( BB14=1, 5, 3), if( BB14=1, 1, -3 ) ), if(BA14=1,if(BB14=1, -1, -2 ), if(BB14=1, 7, 0 ) ) ) -> 5 | BD14: 1 | BE14: =if(BA14=0,BC14,BC14*BD14) -> 5 | BF14: 1 | BG14: 1 | BH14: 1 | BI14: =if( BF14=1, if( BG14=1, if( BH14=1, 5, 3), if( BH14=1, 1, -3 ) ), if(BG14=1,if(BH14=1, -1, -2 ), if(BH14=1, 7, 0 ) ) ) -> 5 | BJ14: 1 | BK14: =if(BG14=0,BI14,BI14*BJ14) -> 5 | BL14: 1 | BM14: 1 | BN14: 1 | BO14: =if( BL14=1, if( BM14=1, if( BN14=1, 5, 3), if( BN14=1, 1, -3 ) ), if(BM14=1,if(BN14=1, -1, -2 ), if(BN14=1, 7, 0 ) ) ) -> 5 | BP14: 1 | BQ14: =if(BM14=0,BO14,BO14*BP14) -> 5 | BT14: 1 | BU14: =if( BR14=1, if( BS14=1, if( BT14=1, 5, 3), if( BT14=1, 1, -3 ) ), if(BS14=1,if(BT14=1, -1, -2 ), if(BT14=1, 7, 0 ) ) ) -> 7 | BW14: =if(BS14=0,BU14,BU14*BV14) -> 7 | BX14: 1 | BY14: 1 | BZ14: 1 | CA14: =if( BX14=1, if( BY14=1, if( BZ14=1, 5, 3), if( BZ14=1, 1, -3 ) ), if(BY14=1,if(BZ14=1, -1, -2 ), if(BZ14=1, 7, 0 ) ) ) -> 5 | CB14: 1 | CC14: =if(BY14=0,CA14,CA14*CB14) -> 5 | CG14: =if( CD14=1, if( CE14=1, if( CF14=1, 5, 3), if( CF14=1, 1, -3 ) ), if(CE14=1,if(CF14=1, -1, -2 ), if(CF14=1, 7, 0 ) ) ) -> 0 | CI14: =if(CE14=0,CG14,CG14*CH14) -> 0 | CM14: =if( CJ14=1, if( CK14=1, if( CL14=1, 5, 3), if( CL14=1, 1, -3 ) ), if(CK14=1,if(CL14=1, -1, -2 ), if(CL14=1, 7, 0 ) ) ) -> 0 | CO14: =if(CK14=0,CM14,CM14*CN14) -> 0 | CP14: 1 | CQ14: 1 | CR14: 1 | CS14: =if( CP14=1, if( CQ14=1, if( CR14=1, 5, 3), if( CR14=1, 1, -3 ) ), if(CQ14=1,if(CR14=1, -1, -2 ), if(CR14=1, 7, 0 ) ) ) -> 5 | CT14: 1 | CU14: =if(CQ14=0,CS14,CS14*CT14) -> 5 | CV14: 1 | CW14: 1 | CY14: =if( CV14=1, if( CW14=1, if( CX14=1, 5, 3), if( CX14=1, 1, -3 ) ), if(CW14=1,if(CX14=1, -1, -2 ), if(CX14=1, 7, 0 ) ) ) -> 3 | CZ14: 1 | DA14: =if(CW14=0,CY14,CY14*CZ14) -> 3 | DB14: 1 | DC14: 1 | DD14: 1 | DE14: =if( DB14=1, if( DC14=1, if( DD14=1, 5, 3), if( DD14=1, 1, -3 ) ), if(DC14=1,if(DD14=1, -1, -2 ), if(DD14=1, 7, 0 ) ) ) -> 5 | DF14: 1 | DG14: =if(DC14=0,DE14,DE14*DF14) -> 5 | DH14: 1 | DI14: 1 | DJ14: 1 | DK14: =if( DH14=1, if( DI14=1, if( DJ14=1, 5, 3), if( DJ14=1, 1, -3 ) ), if(DI14=1,if(DJ14=1, -1, -2 ), if(DJ14=1, 7, 0 ) ) ) -> 5 | DL14: 1 | DM14: =if(DI14=0,DK14,DK14*DL14) -> 5 | DN14: 1 | DO14: 1 | DP14: 1 | DQ14: =if( DN14=1, if( DO14=1, if( DP14=1, 5, 3), if( DP14=1, 1, -3 ) ), if(DO14=1,if(DP14=1, -1, -2 ), if(DP14=1, 7, 0 ) ) ) -> 5 | DR14: 1 | DS14: =if(DO14=0,DQ14,DQ14*DR14) -> 5 | DT14: 1 | DU14: 1 | DW14: =if( DT14=1, if( DU14=1, if( DV14=1, 5, 3), if( DV14=1, 1, -3 ) ), if(DU14=1,if(DV14=1, -1, -2 ), if(DV14=1, 7, 0 ) ) ) -> 3 | DX14: 1 | DY14: =if(DU14=0,DW14,DW14*DX14) -> 3 | EC14: =if( DZ14=1, if( EA14=1, if( EB14=1, 5, 3), if( EB14=1, 1, -3 ) ), if(EA14=1,if(EB14=1, -1, -2 ), if(EB14=1, 7, 0 ) ) ) -> 0 | ED14: 1 | EE14: =if(EA14=0,EC14,EC14*ED14) -> 0 | EF14: 1 | EG14: 1 | EI14: =if( EF14=1, if( EG14=1, if( EH14=1, 5, 3), if( EH14=1, 1, -3 ) ), if(EG14=1,if(EH14=1, -1, -2 ), if(EH14=1, 7, 0 ) ) ) -> 3 | EJ14: 1 | EK14: =if(EG14=0,EI14,EI14*EJ14) -> 3 | EL14: 1 | EM14: 1 | EN14: 1 | EO14: =if( EL14=1, if( EM14=1, if( EN14=1, 5, 3), if( EN14=1, 1, -3 ) ), if(EM14=1,if(EN14=1, -1, -2 ), if(EN14=1, 7, 0 ) ) ) -> 5 | EP14: 1 | EQ14: =if(EM14=0,EO14,EO14*EP14) -> 5 | ER14: 1 | ES14: 1 | ET14: 1 | EU14: =if( ER14=1, if( ES14=1, if( ET14=1, 5, 3), if( ET14=1, 1, -3 ) ), if(ES14=1,if(ET14=1, -1, -2 ), if(ET14=1, 7, 0 ) ) ) -> 5 | EV14: 1 | EW14: =if(ES14=0,EU14,EU14*EV14) -> 5 | EX14: 1 | EY14: 1 | EZ14: 1 | FA14: =if( EX14=1, if( EY14=1, if( EZ14=1, 5, 3), if( EZ14=1, 1, -3 ) ), if(EY14=1,if(EZ14=1, -1, -2 ), if(EZ14=1, 7, 0 ) ) ) -> 5 | FB14: 1 | FC14: =if(EY14=0,FA14,FA14*FB14) -> 5 | FG14: =if( FD14=1, if( FE14=1, if( FF14=1, 5, 3), if( FF14=1, 1, -3 ) ), if(FE14=1,if(FF14=1, -1, -2 ), if(FF14=1, 7, 0 ) ) ) -> 0 | FH14: 1 | FI14: =if(FE14=0,FG14,FG14*FH14) -> 0 | FM14: =if( FJ14=1, if( FK14=1, if( FL14=1, 5, 3), if( FL14=1, 1, -3 ) ), if(FK14=1,if(FL14=1, -1, -2 ), if(FL14=1, 7, 0 ) ) ) -> 0 | FN14: 1 | FO14: =if(FK14=0,FM14,FM14*FN14) -> 0 | FP14: 1 | FQ14: 1 | FR14: 1 | FS14: =if( FP14=1, if( FQ14=1, if( FR14=1, 5, 3), if( FR14=1, 1, -3 ) ), if(FQ14=1,if(FR14=1, -1, -2 ), if(FR14=1, 7, 0 ) ) ) -> 5 | FT14: 1 | FU14: =if(FQ14=0,FS14,FS14*FT14) -> 5 | FY14: =if( FV14=1, if( FW14=1, if( FX14=1, 5, 3), if( FX14=1, 1, -3 ) ), if(FW14=1,if(FX14=1, -1, -2 ), if(FX14=1, 7, 0 ) ) ) -> 0 | FZ14: 1 | GA14: =if(FW14=0,FY14,FY14*FZ14) -> 0 | GE14: =if( GB14=1, if( GC14=1, if( GD14=1, 5, 3), if( GD14=1, 1, -3 ) ), if(GC14=1,if(GD14=1, -1, -2 ), if(GD14=1, 7, 0 ) ) ) -> 0 | GF14: 1 | GG14: =if(GC14=0,GE14,GE14*GF14) -> 0 | GH14: 1 | GI14: 1 | GK14: =if( GH14=1, if( GI14=1, if( GJ14=1, 5, 3), if( GJ14=1, 1, -3 ) ), if(GI14=1,if(GJ14=1, -1, -2 ), if(GJ14=1, 7, 0 ) ) ) -> 3 | GL14: 1 | GM14: =if(GI14=0,GK14,GK14*GL14) -> 3 | GQ14: =if( GN14=1, if( GO14=1, if( GP14=1, 5, 3), if( GP14=1, 1, -3 ) ), if(GO14=1,if(GP14=1, -1, -2 ), if(GP14=1, 7, 0 ) ) ) -> 0 | GR14: 1 | GS14: =if(GO14=0,GQ14,GQ14*GR14) -> 0 | GW14: =if( GT14=1, if( GU14=1, if( GV14=1, 5, 3), if( GV14=1, 1, -3 ) ), if(GU14=1,if(GV14=1, -1, -2 ), if(GV14=1, 7, 0 ) ) ) -> 0 | GX14: 1 | GY14: =if(GU14=0,GW14,GW14*GX14) -> 0 | GZ14: 1 | HA14: 1 | HB14: 1 | HC14: =if( GZ14=1, if( HA14=1, if( HB14=1, 5, 3), if( HB14=1, 1, -3 ) ), if(HA14=1,if(HB14=1, -1, -2 ), if(HB14=1, 7, 0 ) ) ) -> 5 | HD14: 1 | HE14: =if(HA14=0,HC14,HC14*HD14) -> 5 | HF14: 1 | HG14: 1 | HI14: =if( HF14=1, if( HG14=1, if( HH14=1, 5, 3), if( HH14=1, 1, -3 ) ), if(HG14=1,if(HH14=1, -1, -2 ), if(HH14=1, 7, 0 ) ) ) -> 3 | HJ14: 1 | HK14: =if(HG14=0,HI14,HI14*HJ14) -> 3 | HO14: =if( HL14=1, if( HM14=1, if( HN14=1, 5, 3), if( HN14=1, 1, -3 ) ), if(HM14=1,if(HN14=1, -1, -2 ), if(HN14=1, 7, 0 ) ) ) -> 0 | HP14: 1 | HQ14: =if(HM14=0,HO14,HO14*HP14) -> 0 | HU14: =if( HR14=1, if( HS14=1, if( HT14=1, 5, 3), if( HT14=1, 1, -3 ) ), if(HS14=1,if(HT14=1, -1, -2 ), if(HT14=1, 7, 0 ) ) ) -> 0 | HV14: 1 | HW14: =if(HS14=0,HU14,HU14*HV14) -> 0 | IA14: =if( HX14=1, if( HY14=1, if( HZ14=1, 5, 3), if( HZ14=1, 1, -3 ) ), if(HY14=1,if(HZ14=1, -1, -2 ), if(HZ14=1, 7, 0 ) ) ) -> 0 | IB14: 1 | IC14: =if(HY14=0,IA14,IA14*IB14) -> 0 | IG14: =if( ID14=1, if( IE14=1, if( IF14=1, 5, 3), if( IF14=1, 1, -3 ) ), if(IE14=1,if(IF14=1, -1, -2 ), if(IF14=1, 7, 0 ) ) ) -> 0 | IH14: 1 | II14: =if(IE14=0,IG14,IG14*IH14) -> 0 | IM14: =if( IJ14=1, if( IK14=1, if( IL14=1, 5, 3), if( IL14=1, 1, -3 ) ), if(IK14=1,if(IL14=1, -1, -2 ), if(IL14=1, 7, 0 ) ) ) -> 0 | IN14: 1 | IO14: =if(IK14=0,IM14,IM14*IN14) -> 0
A15: Jorge | C15: =countA($A$6:A15) -> 10 | D15: =VLOOKUP(A15,TDP!A:C,3,FALSE) -> 0.12 | E15: =(1+$D15)*sum($G15,$M15,$Q15,$U15,$AA15,$AG15,$AM15,$AS15,$AY15,$BE15,$BK15,$BQ15,$BW15,$CC15,$CI15,$CO15,$CU15,$DA15,$DG15,$DM15,$DS15,$DY15,$EE15,$EK15,$EQ15,$EW15,$FC15,$FI15,$FO15,$FU15,$GA15,$GG15,$GM15,$GS15,$GY15,$HE15,$HK15,$HQ15,$HW15,$IC15,$II15,$IO15) -> 123.2 | F15: 1 | G15: =if(F15=1, 7, 0 ) -> 7 | J15: 1 | K15: =if( H15=1, if( I15=1, if( J15=1, 5, 3), if( J15=1, 1, -3 ) ), if(I15=1,if(J15=1, -1, -2 ), if(J15=1, 7, 0 ) ) ) -> 7 | M15: =if(I15=0,K15,K15*L15) -> 7 | Q15: =if( N15=1, if( O15=1, if( P15=1, 5, 3), if( P15=1, 1, -3 ) ), if(O15=1,if(P15=1, -1, -2 ), if(P15=1, 7, 0 ) ) ) -> 0 | U15: =if( R15=1, if( S15=1, if( T15=1, 5, 3), if( T15=1, 1, -3 ) ), if(S15=1,if(T15=1, -1, -2 ), if(T15=1, 7, 0 ) ) ) -> 0 | V15: 1 | W15: 1 | X15: 1 | Y15: =if( V15=1, if( W15=1, if( X15=1, 5, 3), if( X15=1, 1, -3 ) ), if(W15=1,if(X15=1, -1, -2 ), if(X15=1, 7, 0 ) ) ) -> 5 | Z15: 1 | AA15: =if(W15=0,Y15,Y15*Z15) -> 5 | AB15: 1 | AC15: 1 | AD15: 1 | AE15: =if( AB15=1, if( AC15=1, if( AD15=1, 5, 3), if( AD15=1, 1, -3 ) ), if(AC15=1,if(AD15=1, -1, -2 ), if(AD15=1, 7, 0 ) ) ) -> 5 | AF15: 1 | AG15: =if(AC15=0,AE15,AE15*AF15) -> 5 | AH15: 1 | AI15: 1 | AJ15: 1 | AK15: =if( AH15=1, if( AI15=1, if( AJ15=1, 5, 3), if( AJ15=1, 1, -3 ) ), if(AI15=1,if(AJ15=1, -1, -2 ), if(AJ15=1, 7, 0 ) ) ) -> 5 | AL15: 1 | AM15: =if(AI15=0,AK15,AK15*AL15) -> 5 | AN15: 1 | AO15: 1 | AP15: 1 | AQ15: =if( AN15=1, if( AO15=1, if( AP15=1, 5, 3), if( AP15=1, 1, -3 ) ), if(AO15=1,if(AP15=1, -1, -2 ), if(AP15=1, 7, 0 ) ) ) -> 5 | AR15: 1 | AS15: =if(AO15=0,AQ15,AQ15*AR15) -> 5 | AT15: 1 | AU15: 1 | AV15: 1 | AW15: =if( AT15=1, if( AU15=1, if( AV15=1, 5, 3), if( AV15=1, 1, -3 ) ), if(AU15=1,if(AV15=1, -1, -2 ), if(AV15=1, 7, 0 ) ) ) -> 5 | AX15: 1 | AY15: =if(AU15=0,AW15,AW15*AX15) -> 5 | AZ15: 1 | BA15: 1 | BB15: 1 | BC15: =if( AZ15=1, if( BA15=1, if( BB15=1, 5, 3), if( BB15=1, 1, -3 ) ), if(BA15=1,if(BB15=1, -1, -2 ), if(BB15=1, 7, 0 ) ) ) -> 5 | BD15: 1 | BE15: =if(BA15=0,BC15,BC15*BD15) -> 5 | BH15: 1 | BI15: =if( BF15=1, if( BG15=1, if( BH15=1, 5, 3), if( BH15=1, 1, -3 ) ), if(BG15=1,if(BH15=1, -1, -2 ), if(BH15=1, 7, 0 ) ) ) -> 7 | BK15: =if(BG15=0,BI15,BI15*BJ15) -> 7 | BL15: 1 | BM15: 1 | BN15: 1 | BO15: =if( BL15=1, if( BM15=1, if( BN15=1, 5, 3), if( BN15=1, 1, -3 ) ), if(BM15=1,if(BN15=1, -1, -2 ), if(BN15=1, 7, 0 ) ) ) -> 5 | BP15: 1 | BQ15: =if(BM15=0,BO15,BO15*BP15) -> 5 | BR15: 1 | BS15: 1 | BU15: =if( BR15=1, if( BS15=1, if( BT15=1, 5, 3), if( BT15=1, 1, -3 ) ), if(BS15=1,if(BT15=1, -1, -2 ), if(BT15=1, 7, 0 ) ) ) -> 3 | BV15: 1 | BW15: =if(BS15=0,BU15,BU15*BV15) -> 3 | CA15: =if( BX15=1, if( BY15=1, if( BZ15=1, 5, 3), if( BZ15=1, 1, -3 ) ), if(BY15=1,if(BZ15=1, -1, -2 ), if(BZ15=1, 7, 0 ) ) ) -> 0 | CC15: =if(BY15=0,CA15,CA15*CB15) -> 0 | CG15: =if( CD15=1, if( CE15=1, if( CF15=1, 5, 3), if( CF15=1, 1, -3 ) ), if(CE15=1,if(CF15=1, -1, -2 ), if(CF15=1, 7, 0 ) ) ) -> 0 | CI15: =if(CE15=0,CG15,CG15*CH15) -> 0 | CJ15: 1 | CK15: 1 | CL15: 1 | CM15: =if( CJ15=1, if( CK15=1, if( CL15=1, 5, 3), if( CL15=1, 1, -3 ) ), if(CK15=1,if(CL15=1, -1, -2 ), if(CL15=1, 7, 0 ) ) ) -> 5 | CN15: 1 | CO15: =if(CK15=0,CM15,CM15*CN15) -> 5 | CP15: 1 | CQ15: 1 | CR15: 1 | CS15: =if( CP15=1, if( CQ15=1, if( CR15=1, 5, 3), if( CR15=1, 1, -3 ) ), if(CQ15=1,if(CR15=1, -1, -2 ), if(CR15=1, 7, 0 ) ) ) -> 5 | CT15: 1 | CU15: =if(CQ15=0,CS15,CS15*CT15) -> 5 | CV15: 1 | CW15: 1 | CY15: =if( CV15=1, if( CW15=1, if( CX15=1, 5, 3), if( CX15=1, 1, -3 ) ), if(CW15=1,if(CX15=1, -1, -2 ), if(CX15=1, 7, 0 ) ) ) -> 3 | CZ15: 1 | DA15: =if(CW15=0,CY15,CY15*CZ15) -> 3 | DB15: 1 | DC15: 1 | DD15: 1 | DE15: =if( DB15=1, if( DC15=1, if( DD15=1, 5, 3), if( DD15=1, 1, -3 ) ), if(DC15=1,if(DD15=1, -1, -2 ), if(DD15=1, 7, 0 ) ) ) -> 5 | DF15: 1 | DG15: =if(DC15=0,DE15,DE15*DF15) -> 5 | DH15: 1 | DI15: 1 | DJ15: 1 | DK15: =if( DH15=1, if( DI15=1, if( DJ15=1, 5, 3), if( DJ15=1, 1, -3 ) ), if(DI15=1,if(DJ15=1, -1, -2 ), if(DJ15=1, 7, 0 ) ) ) -> 5 | DL15: 1 | DM15: =if(DI15=0,DK15,DK15*DL15) -> 5 | DN15: 1 | DO15: 1 | DP15: 1 | DQ15: =if( DN15=1, if( DO15=1, if( DP15=1, 5, 3), if( DP15=1, 1, -3 ) ), if(DO15=1,if(DP15=1, -1, -2 ), if(DP15=1, 7, 0 ) ) ) -> 5 | DR15: 1 | DS15: =if(DO15=0,DQ15,DQ15*DR15) -> 5 | DT15: 1 | DU15: 1 | DV15: 1 | DW15: =if( DT15=1, if( DU15=1, if( DV15=1, 5, 3), if( DV15=1, 1, -3 ) ), if(DU15=1,if(DV15=1, -1, -2 ), if(DV15=1, 7, 0 ) ) ) -> 5 | DX15: 1 | DY15: =if(DU15=0,DW15,DW15*DX15) -> 5 | EC15: =if( DZ15=1, if( EA15=1, if( EB15=1, 5, 3), if( EB15=1, 1, -3 ) ), if(EA15=1,if(EB15=1, -1, -2 ), if(EB15=1, 7, 0 ) ) ) -> 0 | ED15: 1 | EE15: =if(EA15=0,EC15,EC15*ED15) -> 0 | EF15: 1 | EG15: 1 | EH15: 1 | EI15: =if( EF15=1, if( EG15=1, if( EH15=1, 5, 3), if( EH15=1, 1, -3 ) ), if(EG15=1,if(EH15=1, -1, -2 ), if(EH15=1, 7, 0 ) ) ) -> 5 | EJ15: 1 | EK15: =if(EG15=0,EI15,EI15*EJ15) -> 5 | EL15: 1 | EM15: 1 | EN15: 1 | EO15: =if( EL15=1, if( EM15=1, if( EN15=1, 5, 3), if( EN15=1, 1, -3 ) ), if(EM15=1,if(EN15=1, -1, -2 ), if(EN15=1, 7, 0 ) ) ) -> 5 | EP15: 1 | EQ15: =if(EM15=0,EO15,EO15*EP15) -> 5 | ER15: 1 | ES15: 1 | ET15: 1 | EU15: =if( ER15=1, if( ES15=1, if( ET15=1, 5, 3), if( ET15=1, 1, -3 ) ), if(ES15=1,if(ET15=1, -1, -2 ), if(ET15=1, 7, 0 ) ) ) -> 5 | EV15: 1 | EW15: =if(ES15=0,EU15,EU15*EV15) -> 5 | FA15: =if( EX15=1, if( EY15=1, if( EZ15=1, 5, 3), if( EZ15=1, 1, -3 ) ), if(EY15=1,if(EZ15=1, -1, -2 ), if(EZ15=1, 7, 0 ) ) ) -> 0 | FB15: 1 | FC15: =if(EY15=0,FA15,FA15*FB15) -> 0 | FG15: =if( FD15=1, if( FE15=1, if( FF15=1, 5, 3), if( FF15=1, 1, -3 ) ), if(FE15=1,if(FF15=1, -1, -2 ), if(FF15=1, 7, 0 ) ) ) -> 0 | FH15: 1 | FI15: =if(FE15=0,FG15,FG15*FH15) -> 0 | FM15: =if( FJ15=1, if( FK15=1, if( FL15=1, 5, 3), if( FL15=1, 1, -3 ) ), if(FK15=1,if(FL15=1, -1, -2 ), if(FL15=1, 7, 0 ) ) ) -> 0 | FN15: 1 | FO15: =if(FK15=0,FM15,FM15*FN15) -> 0 | FP15: 1 | FQ15: 1 | FS15: =if( FP15=1, if( FQ15=1, if( FR15=1, 5, 3), if( FR15=1, 1, -3 ) ), if(FQ15=1,if(FR15=1, -1, -2 ), if(FR15=1, 7, 0 ) ) ) -> 3 | FT15: 1 | FU15: =if(FQ15=0,FS15,FS15*FT15) -> 3 | FY15: =if( FV15=1, if( FW15=1, if( FX15=1, 5, 3), if( FX15=1, 1, -3 ) ), if(FW15=1,if(FX15=1, -1, -2 ), if(FX15=1, 7, 0 ) ) ) -> 0 | FZ15: 1 | GA15: =if(FW15=0,FY15,FY15*FZ15) -> 0 | GE15: =if( GB15=1, if( GC15=1, if( GD15=1, 5, 3), if( GD15=1, 1, -3 ) ), if(GC15=1,if(GD15=1, -1, -2 ), if(GD15=1, 7, 0 ) ) ) -> 0 | GF15: 1 | GG15: =if(GC15=0,GE15,GE15*GF15) -> 0 | GK15: =if( GH15=1, if( GI15=1, if( GJ15=1, 5, 3), if( GJ15=1, 1, -3 ) ), if(GI15=1,if(GJ15=1, -1, -2 ), if(GJ15=1, 7, 0 ) ) ) -> 0 | GL15: 1 | GM15: =if(GI15=0,GK15,GK15*GL15) -> 0 | GQ15: =if( GN15=1, if( GO15=1, if( GP15=1, 5, 3), if( GP15=1, 1, -3 ) ), if(GO15=1,if(GP15=1, -1, -2 ), if(GP15=1, 7, 0 ) ) ) -> 0 | GR15: 1 | GS15: =if(GO15=0,GQ15,GQ15*GR15) -> 0 | GW15: =if( GT15=1, if( GU15=1, if( GV15=1, 5, 3), if( GV15=1, 1, -3 ) ), if(GU15=1,if(GV15=1, -1, -2 ), if(GV15=1, 7, 0 ) ) ) -> 0 | GX15: 1 | GY15: =if(GU15=0,GW15,GW15*GX15) -> 0 | HC15: =if( GZ15=1, if( HA15=1, if( HB15=1, 5, 3), if( HB15=1, 1, -3 ) ), if(HA15=1,if(HB15=1, -1, -2 ), if(HB15=1, 7, 0 ) ) ) -> 0 | HD15: 1 | HE15: =if(HA15=0,HC15,HC15*HD15) -> 0 | HI15: =if( HF15=1, if( HG15=1, if( HH15=1, 5, 3), if( HH15=1, 1, -3 ) ), if(HG15=1,if(HH15=1, -1, -2 ), if(HH15=1, 7, 0 ) ) ) -> 0 | HJ15: 1 | HK15: =if(HG15=0,HI15,HI15*HJ15) -> 0 | HO15: =if( HL15=1, if( HM15=1, if( HN15=1, 5, 3), if( HN15=1, 1, -3 ) ), if(HM15=1,if(HN15=1, -1, -2 ), if(HN15=1, 7, 0 ) ) ) -> 0 | HP15: 1 | HQ15: =if(HM15=0,HO15,HO15*HP15) -> 0 | HU15: =if( HR15=1, if( HS15=1, if( HT15=1, 5, 3), if( HT15=1, 1, -3 ) ), if(HS15=1,if(HT15=1, -1, -2 ), if(HT15=1, 7, 0 ) ) ) -> 0 | HV15: 1 | HW15: =if(HS15=0,HU15,HU15*HV15) -> 0 | IA15: =if( HX15=1, if( HY15=1, if( HZ15=1, 5, 3), if( HZ15=1, 1, -3 ) ), if(HY15=1,if(HZ15=1, -1, -2 ), if(HZ15=1, 7, 0 ) ) ) -> 0 | IB15: 1 | IC15: =if(HY15=0,IA15,IA15*IB15) -> 0 | IG15: =if( ID15=1, if( IE15=1, if( IF15=1, 5, 3), if( IF15=1, 1, -3 ) ), if(IE15=1,if(IF15=1, -1, -2 ), if(IF15=1, 7, 0 ) ) ) -> 0 | IH15: 1 | II15: =if(IE15=0,IG15,IG15*IH15) -> 0 | IM15: =if( IJ15=1, if( IK15=1, if( IL15=1, 5, 3), if( IL15=1, 1, -3 ) ), if(IK15=1,if(IL15=1, -1, -2 ), if(IL15=1, 7, 0 ) ) ) -> 0 | IN15: 1 | IO15: =if(IK15=0,IM15,IM15*IN15) -> 0
A16: Yerko | B16: Tesla | C16: =countA($A$6:A16) -> 11 | D16: =VLOOKUP(A16,TDP!A:C,3,FALSE) -> 0.17 | E16: =(1+$D16)*sum($G16,$M16,$Q16,$U16,$AA16,$AG16,$AM16,$AS16,$AY16,$BE16,$BK16,$BQ16,$BW16,$CC16,$CI16,$CO16,$CU16,$DA16,$DG16,$DM16,$DS16,$DY16,$EE16,$EK16,$EQ16,$EW16,$FC16,$FI16,$FO16,$FU16,$GA16,$GG16,$GM16,$GS16,$GY16,$HE16,$HK16,$HQ16,$HW16,$IC16,$II16,$IO16) -> 120.51 | F16: 1 | G16: =if(F16=1, 7, 0 ) -> 7 | H16: 1 | I16: 1 | J16: 1 | K16: =if( H16=1, if( I16=1, if( J16=1, 5, 3), if( J16=1, 1, -3 ) ), if(I16=1,if(J16=1, -1, -2 ), if(J16=1, 7, 0 ) ) ) -> 5 | L16: 1 | M16: =if(I16=0,K16,K16*L16) -> 5 | Q16: =if( N16=1, if( O16=1, if( P16=1, 5, 3), if( P16=1, 1, -3 ) ), if(O16=1,if(P16=1, -1, -2 ), if(P16=1, 7, 0 ) ) ) -> 0 | U16: =if( R16=1, if( S16=1, if( T16=1, 5, 3), if( T16=1, 1, -3 ) ), if(S16=1,if(T16=1, -1, -2 ), if(T16=1, 7, 0 ) ) ) -> 0 | V16: 1 | W16: 1 | X16: 1 | Y16: =if( V16=1, if( W16=1, if( X16=1, 5, 3), if( X16=1, 1, -3 ) ), if(W16=1,if(X16=1, -1, -2 ), if(X16=1, 7, 0 ) ) ) -> 5 | Z16: 1 | AA16: =if(W16=0,Y16,Y16*Z16) -> 5 | AB16: 1 | AC16: 1 | AD16: 1 | AE16: =if( AB16=1, if( AC16=1, if( AD16=1, 5, 3), if( AD16=1, 1, -3 ) ), if(AC16=1,if(AD16=1, -1, -2 ), if(AD16=1, 7, 0 ) ) ) -> 5 | AF16: 1 | AG16: =if(AC16=0,AE16,AE16*AF16) -> 5 | AH16: 1 | AI16: 1 | AJ16: 1 | AK16: =if( AH16=1, if( AI16=1, if( AJ16=1, 5, 3), if( AJ16=1, 1, -3 ) ), if(AI16=1,if(AJ16=1, -1, -2 ), if(AJ16=1, 7, 0 ) ) ) -> 5 | AL16: 1 | AM16: =if(AI16=0,AK16,AK16*AL16) -> 5 | AN16: 1 | AO16: 1 | AP16: 1 | AQ16: =if( AN16=1, if( AO16=1, if( AP16=1, 5, 3), if( AP16=1, 1, -3 ) ), if(AO16=1,if(AP16=1, -1, -2 ), if(AP16=1, 7, 0 ) ) ) -> 5 | AR16: 1 | AS16: =if(AO16=0,AQ16,AQ16*AR16) -> 5 | AT16: 1 | AU16: 1 | AV16: 1 | AW16: =if( AT16=1, if( AU16=1, if( AV16=1, 5, 3), if( AV16=1, 1, -3 ) ), if(AU16=1,if(AV16=1, -1, -2 ), if(AV16=1, 7, 0 ) ) ) -> 5 | AY16: =if(AU16=0,AW16,AW16*AX16) -> 0 | BC16: =if( AZ16=1, if( BA16=1, if( BB16=1, 5, 3), if( BB16=1, 1, -3 ) ), if(BA16=1,if(BB16=1, -1, -2 ), if(BB16=1, 7, 0 ) ) ) -> 0 | BE16: =if(BA16=0,BC16,BC16*BD16) -> 0 | BF16: 1 | BG16: 1 | BH16: 1 | BI16: =if( BF16=1, if( BG16=1, if( BH16=1, 5, 3), if( BH16=1, 1, -3 ) ), if(BG16=1,if(BH16=1, -1, -2 ), if(BH16=1, 7, 0 ) ) ) -> 5 | BJ16: 1 | BK16: =if(BG16=0,BI16,BI16*BJ16) -> 5 | BL16: 1 | BM16: 1 | BN16: 1 | BO16: =if( BL16=1, if( BM16=1, if( BN16=1, 5, 3), if( BN16=1, 1, -3 ) ), if(BM16=1,if(BN16=1, -1, -2 ), if(BN16=1, 7, 0 ) ) ) -> 5 | BP16: 1 | BQ16: =if(BM16=0,BO16,BO16*BP16) -> 5 | BR16: 1 | BS16: 1 | BU16: =if( BR16=1, if( BS16=1, if( BT16=1, 5, 3), if( BT16=1, 1, -3 ) ), if(BS16=1,if(BT16=1, -1, -2 ), if(BT16=1, 7, 0 ) ) ) -> 3 | BV16: 1 | BW16: =if(BS16=0,BU16,BU16*BV16) -> 3 | BX16: 1 | BY16: 1 | BZ16: 1 | CA16: =if( BX16=1, if( BY16=1, if( BZ16=1, 5, 3), if( BZ16=1, 1, -3 ) ), if(BY16=1,if(BZ16=1, -1, -2 ), if(BZ16=1, 7, 0 ) ) ) -> 5 | CB16: 1 | CC16: =if(BY16=0,CA16,CA16*CB16) -> 5 | CD16: 1 | CE16: 1 | CF16: 1 | CG16: =if( CD16=1, if( CE16=1, if( CF16=1, 5, 3), if( CF16=1, 1, -3 ) ), if(CE16=1,if(CF16=1, -1, -2 ), if(CF16=1, 7, 0 ) ) ) -> 5 | CH16: 1 | CI16: =if(CE16=0,CG16,CG16*CH16) -> 5 | CJ16: 1 | CK16: 1 | CL16: 1 | CM16: =if( CJ16=1, if( CK16=1, if( CL16=1, 5, 3), if( CL16=1, 1, -3 ) ), if(CK16=1,if(CL16=1, -1, -2 ), if(CL16=1, 7, 0 ) ) ) -> 5 | CN16: 1 | CO16: =if(CK16=0,CM16,CM16*CN16) -> 5 | CP16: 1 | CQ16: 1 | CR16: 1 | CS16: =if( CP16=1, if( CQ16=1, if( CR16=1, 5, 3), if( CR16=1, 1, -3 ) ), if(CQ16=1,if(CR16=1, -1, -2 ), if(CR16=1, 7, 0 ) ) ) -> 5 | CT16: 1 | CU16: =if(CQ16=0,CS16,CS16*CT16) -> 5 | CV16: 1 | CW16: 1 | CY16: =if( CV16=1, if( CW16=1, if( CX16=1, 5, 3), if( CX16=1, 1, -3 ) ), if(CW16=1,if(CX16=1, -1, -2 ), if(CX16=1, 7, 0 ) ) ) -> 3 | CZ16: 1 | DA16: =if(CW16=0,CY16,CY16*CZ16) -> 3 | DB16: 1 | DC16: 1 | DD16: 1 | DE16: =if( DB16=1, if( DC16=1, if( DD16=1, 5, 3), if( DD16=1, 1, -3 ) ), if(DC16=1,if(DD16=1, -1, -2 ), if(DD16=1, 7, 0 ) ) ) -> 5 | DF16: 1 | DG16: =if(DC16=0,DE16,DE16*DF16) -> 5 | DH16: 1 | DI16: 1 | DJ16: 1 | DK16: =if( DH16=1, if( DI16=1, if( DJ16=1, 5, 3), if( DJ16=1, 1, -3 ) ), if(DI16=1,if(DJ16=1, -1, -2 ), if(DJ16=1, 7, 0 ) ) ) -> 5 | DL16: 1 | DM16: =if(DI16=0,DK16,DK16*DL16) -> 5 | DQ16: =if( DN16=1, if( DO16=1, if( DP16=1, 5, 3), if( DP16=1, 1, -3 ) ), if(DO16=1,if(DP16=1, -1, -2 ), if(DP16=1, 7, 0 ) ) ) -> 0 | DR16: 1 | DS16: =if(DO16=0,DQ16,DQ16*DR16) -> 0 | DT16: 1 | DU16: 1 | DV16: 1 | DW16: =if( DT16=1, if( DU16=1, if( DV16=1, 5, 3), if( DV16=1, 1, -3 ) ), if(DU16=1,if(DV16=1, -1, -2 ), if(DV16=1, 7, 0 ) ) ) -> 5 | DX16: 1 | DY16: =if(DU16=0,DW16,DW16*DX16) -> 5 | EC16: =if( DZ16=1, if( EA16=1, if( EB16=1, 5, 3), if( EB16=1, 1, -3 ) ), if(EA16=1,if(EB16=1, -1, -2 ), if(EB16=1, 7, 0 ) ) ) -> 0 | ED16: 1 | EE16: =if(EA16=0,EC16,EC16*ED16) -> 0 | EF16: 1 | EG16: 1 | EH16: 1 | EI16: =if( EF16=1, if( EG16=1, if( EH16=1, 5, 3), if( EH16=1, 1, -3 ) ), if(EG16=1,if(EH16=1, -1, -2 ), if(EH16=1, 7, 0 ) ) ) -> 5 | EJ16: 1 | EK16: =if(EG16=0,EI16,EI16*EJ16) -> 5 | EL16: 1 | EM16: 1 | EN16: 1 | EO16: =if( EL16=1, if( EM16=1, if( EN16=1, 5, 3), if( EN16=1, 1, -3 ) ), if(EM16=1,if(EN16=1, -1, -2 ), if(EN16=1, 7, 0 ) ) ) -> 5 | EP16: 1 | EQ16: =if(EM16=0,EO16,EO16*EP16) -> 5 | ER16: 1 | ES16: 1 | ET16: 1 | EU16: =if( ER16=1, if( ES16=1, if( ET16=1, 5, 3), if( ET16=1, 1, -3 ) ), if(ES16=1,if(ET16=1, -1, -2 ), if(ET16=1, 7, 0 ) ) ) -> 5 | EV16: 1 | EW16: =if(ES16=0,EU16,EU16*EV16) -> 5 | EX16: 1 | EY16: 1 | EZ16: 1 | FA16: =if( EX16=1, if( EY16=1, if( EZ16=1, 5, 3), if( EZ16=1, 1, -3 ) ), if(EY16=1,if(EZ16=1, -1, -2 ), if(EZ16=1, 7, 0 ) ) ) -> 5 | FB16: 1 | FC16: =if(EY16=0,FA16,FA16*FB16) -> 5 | FG16: =if( FD16=1, if( FE16=1, if( FF16=1, 5, 3), if( FF16=1, 1, -3 ) ), if(FE16=1,if(FF16=1, -1, -2 ), if(FF16=1, 7, 0 ) ) ) -> 0 | FH16: 1 | FI16: =if(FE16=0,FG16,FG16*FH16) -> 0 | FM16: =if( FJ16=1, if( FK16=1, if( FL16=1, 5, 3), if( FL16=1, 1, -3 ) ), if(FK16=1,if(FL16=1, -1, -2 ), if(FL16=1, 7, 0 ) ) ) -> 0 | FN16: 1 | FO16: =if(FK16=0,FM16,FM16*FN16) -> 0 | FS16: =if( FP16=1, if( FQ16=1, if( FR16=1, 5, 3), if( FR16=1, 1, -3 ) ), if(FQ16=1,if(FR16=1, -1, -2 ), if(FR16=1, 7, 0 ) ) ) -> 0 | FT16: 1 | FU16: =if(FQ16=0,FS16,FS16*FT16) -> 0 | FY16: =if( FV16=1, if( FW16=1, if( FX16=1, 5, 3), if( FX16=1, 1, -3 ) ), if(FW16=1,if(FX16=1, -1, -2 ), if(FX16=1, 7, 0 ) ) ) -> 0 | FZ16: 1 | GA16: =if(FW16=0,FY16,FY16*FZ16) -> 0 | GE16: =if( GB16=1, if( GC16=1, if( GD16=1, 5, 3), if( GD16=1, 1, -3 ) ), if(GC16=1,if(GD16=1, -1, -2 ), if(GD16=1, 7, 0 ) ) ) -> 0 | GF16: 1 | GG16: =if(GC16=0,GE16,GE16*GF16) -> 0 | GK16: =if( GH16=1, if( GI16=1, if( GJ16=1, 5, 3), if( GJ16=1, 1, -3 ) ), if(GI16=1,if(GJ16=1, -1, -2 ), if(GJ16=1, 7, 0 ) ) ) -> 0 | GL16: 1 | GM16: =if(GI16=0,GK16,GK16*GL16) -> 0 | GQ16: =if( GN16=1, if( GO16=1, if( GP16=1, 5, 3), if( GP16=1, 1, -3 ) ), if(GO16=1,if(GP16=1, -1, -2 ), if(GP16=1, 7, 0 ) ) ) -> 0 | GR16: 1 | GS16: =if(GO16=0,GQ16,GQ16*GR16) -> 0 | GW16: =if( GT16=1, if( GU16=1, if( GV16=1, 5, 3), if( GV16=1, 1, -3 ) ), if(GU16=1,if(GV16=1, -1, -2 ), if(GV16=1, 7, 0 ) ) ) -> 0 | GX16: 1 | GY16: =if(GU16=0,GW16,GW16*GX16) -> 0 | HC16: =if( GZ16=1, if( HA16=1, if( HB16=1, 5, 3), if( HB16=1, 1, -3 ) ), if(HA16=1,if(HB16=1, -1, -2 ), if(HB16=1, 7, 0 ) ) ) -> 0 | HD16: 1 | HE16: =if(HA16=0,HC16,HC16*HD16) -> 0 | HI16: =if( HF16=1, if( HG16=1, if( HH16=1, 5, 3), if( HH16=1, 1, -3 ) ), if(HG16=1,if(HH16=1, -1, -2 ), if(HH16=1, 7, 0 ) ) ) -> 0 | HJ16: 1 | HK16: =if(HG16=0,HI16,HI16*HJ16) -> 0 | HO16: =if( HL16=1, if( HM16=1, if( HN16=1, 5, 3), if( HN16=1, 1, -3 ) ), if(HM16=1,if(HN16=1, -1, -2 ), if(HN16=1, 7, 0 ) ) ) -> 0 | HP16: 1 | HQ16: =if(HM16=0,HO16,HO16*HP16) -> 0 | HU16: =if( HR16=1, if( HS16=1, if( HT16=1, 5, 3), if( HT16=1, 1, -3 ) ), if(HS16=1,if(HT16=1, -1, -2 ), if(HT16=1, 7, 0 ) ) ) -> 0 | HV16: 1 | HW16: =if(HS16=0,HU16,HU16*HV16) -> 0 | IA16: =if( HX16=1, if( HY16=1, if( HZ16=1, 5, 3), if( HZ16=1, 1, -3 ) ), if(HY16=1,if(HZ16=1, -1, -2 ), if(HZ16=1, 7, 0 ) ) ) -> 0 | IB16: 1 | IC16: =if(HY16=0,IA16,IA16*IB16) -> 0 | IG16: =if( ID16=1, if( IE16=1, if( IF16=1, 5, 3), if( IF16=1, 1, -3 ) ), if(IE16=1,if(IF16=1, -1, -2 ), if(IF16=1, 7, 0 ) ) ) -> 0 | IH16: 1 | II16: =if(IE16=0,IG16,IG16*IH16) -> 0 | IM16: =if( IJ16=1, if( IK16=1, if( IL16=1, 5, 3), if( IL16=1, 1, -3 ) ), if(IK16=1,if(IL16=1, -1, -2 ), if(IL16=1, 7, 0 ) ) ) -> 0 | IN16: 1 | IO16: =if(IK16=0,IM16,IM16*IN16) -> 0
A17: Jose | B17: Centella | C17: =countA($A$6:A17) -> 12 | D17: =VLOOKUP(A17,TDP!A:C,3,FALSE) -> 0.39 | E17: =(1+$D17)*sum($G17,$M17,$Q17,$U17,$AA17,$AG17,$AM17,$AS17,$AY17,$BE17,$BK17,$BQ17,$BW17,$CC17,$CI17,$CO17,$CU17,$DA17,$DG17,$DM17,$DS17,$DY17,$EE17,$EK17,$EQ17,$EW17,$FC17,$FI17,$FO17,$FU17,$GA17,$GG17,$GM17,$GS17,$GY17,$HE17,$HK17,$HQ17,$HW17,$IC17,$II17,$IO17) -> 115.37 | G17: =if(F17=1, 7, 0 ) -> 0 | J17: 1 | K17: =if( H17=1, if( I17=1, if( J17=1, 5, 3), if( J17=1, 1, -3 ) ), if(I17=1,if(J17=1, -1, -2 ), if(J17=1, 7, 0 ) ) ) -> 7 | M17: =if(I17=0,K17,K17*L17) -> 7 | Q17: =if( N17=1, if( O17=1, if( P17=1, 5, 3), if( P17=1, 1, -3 ) ), if(O17=1,if(P17=1, -1, -2 ), if(P17=1, 7, 0 ) ) ) -> 0 | U17: =if( R17=1, if( S17=1, if( T17=1, 5, 3), if( T17=1, 1, -3 ) ), if(S17=1,if(T17=1, -1, -2 ), if(T17=1, 7, 0 ) ) ) -> 0 | V17: 1 | W17: 1 | X17: 1 | Y17: =if( V17=1, if( W17=1, if( X17=1, 5, 3), if( X17=1, 1, -3 ) ), if(W17=1,if(X17=1, -1, -2 ), if(X17=1, 7, 0 ) ) ) -> 5 | Z17: 1 | AA17: =if(W17=0,Y17,Y17*Z17) -> 5 | AB17: 1 | AC17: 1 | AE17: =if( AB17=1, if( AC17=1, if( AD17=1, 5, 3), if( AD17=1, 1, -3 ) ), if(AC17=1,if(AD17=1, -1, -2 ), if(AD17=1, 7, 0 ) ) ) -> 3 | AF17: 1 | AG17: =if(AC17=0,AE17,AE17*AF17) -> 3 | AH17: 1 | AI17: 1 | AK17: =if( AH17=1, if( AI17=1, if( AJ17=1, 5, 3), if( AJ17=1, 1, -3 ) ), if(AI17=1,if(AJ17=1, -1, -2 ), if(AJ17=1, 7, 0 ) ) ) -> 3 | AL17: 1 | AM17: =if(AI17=0,AK17,AK17*AL17) -> 3 | AN17: 1 | AO17: 1 | AP17: 1 | AQ17: =if( AN17=1, if( AO17=1, if( AP17=1, 5, 3), if( AP17=1, 1, -3 ) ), if(AO17=1,if(AP17=1, -1, -2 ), if(AP17=1, 7, 0 ) ) ) -> 5 | AR17: 1 | AS17: =if(AO17=0,AQ17,AQ17*AR17) -> 5 | AT17: 1 | AU17: 1 | AW17: =if( AT17=1, if( AU17=1, if( AV17=1, 5, 3), if( AV17=1, 1, -3 ) ), if(AU17=1,if(AV17=1, -1, -2 ), if(AV17=1, 7, 0 ) ) ) -> 3 | AX17: 1 | AY17: =if(AU17=0,AW17,AW17*AX17) -> 3 | AZ17: 1 | BA17: 1 | BC17: =if( AZ17=1, if( BA17=1, if( BB17=1, 5, 3), if( BB17=1, 1, -3 ) ), if(BA17=1,if(BB17=1, -1, -2 ), if(BB17=1, 7, 0 ) ) ) -> 3 | BD17: 1 | BE17: =if(BA17=0,BC17,BC17*BD17) -> 3 | BF17: 1 | BG17: 1 | BI17: =if( BF17=1, if( BG17=1, if( BH17=1, 5, 3), if( BH17=1, 1, -3 ) ), if(BG17=1,if(BH17=1, -1, -2 ), if(BH17=1, 7, 0 ) ) ) -> 3 | BJ17: 1 | BK17: =if(BG17=0,BI17,BI17*BJ17) -> 3 | BL17: 1 | BM17: 1 | BO17: =if( BL17=1, if( BM17=1, if( BN17=1, 5, 3), if( BN17=1, 1, -3 ) ), if(BM17=1,if(BN17=1, -1, -2 ), if(BN17=1, 7, 0 ) ) ) -> 3 | BP17: 1 | BQ17: =if(BM17=0,BO17,BO17*BP17) -> 3 | BR17: 1 | BS17: 1 | BT17: 1 | BU17: =if( BR17=1, if( BS17=1, if( BT17=1, 5, 3), if( BT17=1, 1, -3 ) ), if(BS17=1,if(BT17=1, -1, -2 ), if(BT17=1, 7, 0 ) ) ) -> 5 | BW17: =if(BS17=0,BU17,BU17*BV17) -> 0 | BZ17: 1 | CA17: =if( BX17=1, if( BY17=1, if( BZ17=1, 5, 3), if( BZ17=1, 1, -3 ) ), if(BY17=1,if(BZ17=1, -1, -2 ), if(BZ17=1, 7, 0 ) ) ) -> 7 | CC17: =if(BY17=0,CA17,CA17*CB17) -> 7 | CD17: 1 | CE17: 1 | CF17: 1 | CG17: =if( CD17=1, if( CE17=1, if( CF17=1, 5, 3), if( CF17=1, 1, -3 ) ), if(CE17=1,if(CF17=1, -1, -2 ), if(CF17=1, 7, 0 ) ) ) -> 5 | CH17: 1 | CI17: =if(CE17=0,CG17,CG17*CH17) -> 5 | CJ17: 1 | CK17: 1 | CM17: =if( CJ17=1, if( CK17=1, if( CL17=1, 5, 3), if( CL17=1, 1, -3 ) ), if(CK17=1,if(CL17=1, -1, -2 ), if(CL17=1, 7, 0 ) ) ) -> 3 | CN17: 1 | CO17: =if(CK17=0,CM17,CM17*CN17) -> 3 | CP17: 1 | CQ17: 1 | CS17: =if( CP17=1, if( CQ17=1, if( CR17=1, 5, 3), if( CR17=1, 1, -3 ) ), if(CQ17=1,if(CR17=1, -1, -2 ), if(CR17=1, 7, 0 ) ) ) -> 3 | CT17: 1 | CU17: =if(CQ17=0,CS17,CS17*CT17) -> 3 | CV17: 1 | CW17: 1 | CY17: =if( CV17=1, if( CW17=1, if( CX17=1, 5, 3), if( CX17=1, 1, -3 ) ), if(CW17=1,if(CX17=1, -1, -2 ), if(CX17=1, 7, 0 ) ) ) -> 3 | CZ17: 1 | DA17: =if(CW17=0,CY17,CY17*CZ17) -> 3 | DB17: 1 | DC17: 1 | DE17: =if( DB17=1, if( DC17=1, if( DD17=1, 5, 3), if( DD17=1, 1, -3 ) ), if(DC17=1,if(DD17=1, -1, -2 ), if(DD17=1, 7, 0 ) ) ) -> 3 | DF17: 1 | DG17: =if(DC17=0,DE17,DE17*DF17) -> 3 | DH17: 1 | DI17: 1 | DK17: =if( DH17=1, if( DI17=1, if( DJ17=1, 5, 3), if( DJ17=1, 1, -3 ) ), if(DI17=1,if(DJ17=1, -1, -2 ), if(DJ17=1, 7, 0 ) ) ) -> 3 | DL17: 1 | DM17: =if(DI17=0,DK17,DK17*DL17) -> 3 | DQ17: =if( DN17=1, if( DO17=1, if( DP17=1, 5, 3), if( DP17=1, 1, -3 ) ), if(DO17=1,if(DP17=1, -1, -2 ), if(DP17=1, 7, 0 ) ) ) -> 0 | DR17: 1 | DS17: =if(DO17=0,DQ17,DQ17*DR17) -> 0 | DT17: 1 | DU17: 1 | DW17: =if( DT17=1, if( DU17=1, if( DV17=1, 5, 3), if( DV17=1, 1, -3 ) ), if(DU17=1,if(DV17=1, -1, -2 ), if(DV17=1, 7, 0 ) ) ) -> 3 | DX17: 1 | DY17: =if(DU17=0,DW17,DW17*DX17) -> 3 | DZ17: 1 | EA17: 1 | EC17: =if( DZ17=1, if( EA17=1, if( EB17=1, 5, 3), if( EB17=1, 1, -3 ) ), if(EA17=1,if(EB17=1, -1, -2 ), if(EB17=1, 7, 0 ) ) ) -> 3 | ED17: 1 | EE17: =if(EA17=0,EC17,EC17*ED17) -> 3 | EI17: =if( EF17=1, if( EG17=1, if( EH17=1, 5, 3), if( EH17=1, 1, -3 ) ), if(EG17=1,if(EH17=1, -1, -2 ), if(EH17=1, 7, 0 ) ) ) -> 0 | EJ17: 1 | EK17: =if(EG17=0,EI17,EI17*EJ17) -> 0 | EL17: 1 | EM17: 1 | EO17: =if( EL17=1, if( EM17=1, if( EN17=1, 5, 3), if( EN17=1, 1, -3 ) ), if(EM17=1,if(EN17=1, -1, -2 ), if(EN17=1, 7, 0 ) ) ) -> 3 | EP17: 1 | EQ17: =if(EM17=0,EO17,EO17*EP17) -> 3 | ER17: 1 | ES17: 1 | EU17: =if( ER17=1, if( ES17=1, if( ET17=1, 5, 3), if( ET17=1, 1, -3 ) ), if(ES17=1,if(ET17=1, -1, -2 ), if(ET17=1, 7, 0 ) ) ) -> 3 | EV17: 1 | EW17: =if(ES17=0,EU17,EU17*EV17) -> 3 | FA17: =if( EX17=1, if( EY17=1, if( EZ17=1, 5, 3), if( EZ17=1, 1, -3 ) ), if(EY17=1,if(EZ17=1, -1, -2 ), if(EZ17=1, 7, 0 ) ) ) -> 0 | FB17: 1 | FC17: =if(EY17=0,FA17,FA17*FB17) -> 0 | FG17: =if( FD17=1, if( FE17=1, if( FF17=1, 5, 3), if( FF17=1, 1, -3 ) ), if(FE17=1,if(FF17=1, -1, -2 ), if(FF17=1, 7, 0 ) ) ) -> 0 | FH17: 1 | FI17: =if(FE17=0,FG17,FG17*FH17) -> 0 | FM17: =if( FJ17=1, if( FK17=1, if( FL17=1, 5, 3), if( FL17=1, 1, -3 ) ), if(FK17=1,if(FL17=1, -1, -2 ), if(FL17=1, 7, 0 ) ) ) -> 0 | FN17: 1 | FO17: =if(FK17=0,FM17,FM17*FN17) -> 0 | FP17: 1 | FQ17: 1 | FS17: =if( FP17=1, if( FQ17=1, if( FR17=1, 5, 3), if( FR17=1, 1, -3 ) ), if(FQ17=1,if(FR17=1, -1, -2 ), if(FR17=1, 7, 0 ) ) ) -> 3 | FT17: 1 | FU17: =if(FQ17=0,FS17,FS17*FT17) -> 3 | FV17: 1 | FW17: 1 | FY17: =if( FV17=1, if( FW17=1, if( FX17=1, 5, 3), if( FX17=1, 1, -3 ) ), if(FW17=1,if(FX17=1, -1, -2 ), if(FX17=1, 7, 0 ) ) ) -> 3 | FZ17: 1 | GA17: =if(FW17=0,FY17,FY17*FZ17) -> 3 | GB17: 1 | GC17: 1 | GE17: =if( GB17=1, if( GC17=1, if( GD17=1, 5, 3), if( GD17=1, 1, -3 ) ), if(GC17=1,if(GD17=1, -1, -2 ), if(GD17=1, 7, 0 ) ) ) -> 3 | GF17: 1 | GG17: =if(GC17=0,GE17,GE17*GF17) -> 3 | GK17: =if( GH17=1, if( GI17=1, if( GJ17=1, 5, 3), if( GJ17=1, 1, -3 ) ), if(GI17=1,if(GJ17=1, -1, -2 ), if(GJ17=1, 7, 0 ) ) ) -> 0 | GL17: 1 | GM17: =if(GI17=0,GK17,GK17*GL17) -> 0 | GQ17: =if( GN17=1, if( GO17=1, if( GP17=1, 5, 3), if( GP17=1, 1, -3 ) ), if(GO17=1,if(GP17=1, -1, -2 ), if(GP17=1, 7, 0 ) ) ) -> 0 | GR17: 1 | GS17: =if(GO17=0,GQ17,GQ17*GR17) -> 0 | GW17: =if( GT17=1, if( GU17=1, if( GV17=1, 5, 3), if( GV17=1, 1, -3 ) ), if(GU17=1,if(GV17=1, -1, -2 ), if(GV17=1, 7, 0 ) ) ) -> 0 | GX17: 1 | GY17: =if(GU17=0,GW17,GW17*GX17) -> 0 | HC17: =if( GZ17=1, if( HA17=1, if( HB17=1, 5, 3), if( HB17=1, 1, -3 ) ), if(HA17=1,if(HB17=1, -1, -2 ), if(HB17=1, 7, 0 ) ) ) -> 0 | HD17: 1 | HE17: =if(HA17=0,HC17,HC17*HD17) -> 0 | HI17: =if( HF17=1, if( HG17=1, if( HH17=1, 5, 3), if( HH17=1, 1, -3 ) ), if(HG17=1,if(HH17=1, -1, -2 ), if(HH17=1, 7, 0 ) ) ) -> 0 | HJ17: 1 | HK17: =if(HG17=0,HI17,HI17*HJ17) -> 0 | HO17: =if( HL17=1, if( HM17=1, if( HN17=1, 5, 3), if( HN17=1, 1, -3 ) ), if(HM17=1,if(HN17=1, -1, -2 ), if(HN17=1, 7, 0 ) ) ) -> 0 | HP17: 1 | HQ17: =if(HM17=0,HO17,HO17*HP17) -> 0 | HU17: =if( HR17=1, if( HS17=1, if( HT17=1, 5, 3), if( HT17=1, 1, -3 ) ), if(HS17=1,if(HT17=1, -1, -2 ), if(HT17=1, 7, 0 ) ) ) -> 0 | HV17: 1 | HW17: =if(HS17=0,HU17,HU17*HV17) -> 0 | IA17: =if( HX17=1, if( HY17=1, if( HZ17=1, 5, 3), if( HZ17=1, 1, -3 ) ), if(HY17=1,if(HZ17=1, -1, -2 ), if(HZ17=1, 7, 0 ) ) ) -> 0 | IB17: 1 | IC17: =if(HY17=0,IA17,IA17*IB17) -> 0 | IG17: =if( ID17=1, if( IE17=1, if( IF17=1, 5, 3), if( IF17=1, 1, -3 ) ), if(IE17=1,if(IF17=1, -1, -2 ), if(IF17=1, 7, 0 ) ) ) -> 0 | IH17: 1 | II17: =if(IE17=0,IG17,IG17*IH17) -> 0 | IM17: =if( IJ17=1, if( IK17=1, if( IL17=1, 5, 3), if( IL17=1, 1, -3 ) ), if(IK17=1,if(IL17=1, -1, -2 ), if(IL17=1, 7, 0 ) ) ) -> 0 | IN17: 1 | IO17: =if(IK17=0,IM17,IM17*IN17) -> 0
A18: Poncho | B18: Monigote | C18: =countA($A$6:A18) -> 13 | D18: =VLOOKUP(A18,TDP!A:C,3,FALSE) -> 0.46 | E18: =(1+$D18)*sum($G18,$M18,$Q18,$U18,$AA18,$AG18,$AM18,$AS18,$AY18,$BE18,$BK18,$BQ18,$BW18,$CC18,$CI18,$CO18,$CU18,$DA18,$DG18,$DM18,$DS18,$DY18,$EE18,$EK18,$EQ18,$EW18,$FC18,$FI18,$FO18,$FU18,$GA18,$GG18,$GM18,$GS18,$GY18,$HE18,$HK18,$HQ18,$HW18,$IC18,$II18,$IO18) -> 103.66 | G18: =if(F18=1, 7, 0 ) -> 0 | H18: 1 | I18: 1 | J18: 1 | K18: =if( H18=1, if( I18=1, if( J18=1, 5, 3), if( J18=1, 1, -3 ) ), if(I18=1,if(J18=1, -1, -2 ), if(J18=1, 7, 0 ) ) ) -> 5 | L18: 1 | M18: =if(I18=0,K18,K18*L18) -> 5 | Q18: =if( N18=1, if( O18=1, if( P18=1, 5, 3), if( P18=1, 1, -3 ) ), if(O18=1,if(P18=1, -1, -2 ), if(P18=1, 7, 0 ) ) ) -> 0 | U18: =if( R18=1, if( S18=1, if( T18=1, 5, 3), if( T18=1, 1, -3 ) ), if(S18=1,if(T18=1, -1, -2 ), if(T18=1, 7, 0 ) ) ) -> 0 | V18: 1 | W18: 1 | Y18: =if( V18=1, if( W18=1, if( X18=1, 5, 3), if( X18=1, 1, -3 ) ), if(W18=1,if(X18=1, -1, -2 ), if(X18=1, 7, 0 ) ) ) -> 3 | Z18: 1 | AA18: =if(W18=0,Y18,Y18*Z18) -> 3 | AB18: 1 | AC18: 1 | AD18: 1 | AE18: =if( AB18=1, if( AC18=1, if( AD18=1, 5, 3), if( AD18=1, 1, -3 ) ), if(AC18=1,if(AD18=1, -1, -2 ), if(AD18=1, 7, 0 ) ) ) -> 5 | AF18: 1 | AG18: =if(AC18=0,AE18,AE18*AF18) -> 5 | AH18: 1 | AI18: 1 | AJ18: 1 | AK18: =if( AH18=1, if( AI18=1, if( AJ18=1, 5, 3), if( AJ18=1, 1, -3 ) ), if(AI18=1,if(AJ18=1, -1, -2 ), if(AJ18=1, 7, 0 ) ) ) -> 5 | AL18: 1 | AM18: =if(AI18=0,AK18,AK18*AL18) -> 5 | AN18: 1 | AO18: 1 | AP18: 1 | AQ18: =if( AN18=1, if( AO18=1, if( AP18=1, 5, 3), if( AP18=1, 1, -3 ) ), if(AO18=1,if(AP18=1, -1, -2 ), if(AP18=1, 7, 0 ) ) ) -> 5 | AR18: 1 | AS18: =if(AO18=0,AQ18,AQ18*AR18) -> 5 | AT18: 1 | AU18: 1 | AV18: 1 | AW18: =if( AT18=1, if( AU18=1, if( AV18=1, 5, 3), if( AV18=1, 1, -3 ) ), if(AU18=1,if(AV18=1, -1, -2 ), if(AV18=1, 7, 0 ) ) ) -> 5 | AX18: 1 | AY18: =if(AU18=0,AW18,AW18*AX18) -> 5 | AZ18: 1 | BA18: 1 | BB18: 1 | BC18: =if( AZ18=1, if( BA18=1, if( BB18=1, 5, 3), if( BB18=1, 1, -3 ) ), if(BA18=1,if(BB18=1, -1, -2 ), if(BB18=1, 7, 0 ) ) ) -> 5 | BD18: 1 | BE18: =if(BA18=0,BC18,BC18*BD18) -> 5 | BF18: 1 | BG18: 1 | BH18: 1 | BI18: =if( BF18=1, if( BG18=1, if( BH18=1, 5, 3), if( BH18=1, 1, -3 ) ), if(BG18=1,if(BH18=1, -1, -2 ), if(BH18=1, 7, 0 ) ) ) -> 5 | BK18: =if(BG18=0,BI18,BI18*BJ18) -> 0 | BO18: =if( BL18=1, if( BM18=1, if( BN18=1, 5, 3), if( BN18=1, 1, -3 ) ), if(BM18=1,if(BN18=1, -1, -2 ), if(BN18=1, 7, 0 ) ) ) -> 0 | BQ18: =if(BM18=0,BO18,BO18*BP18) -> 0 | BR18: 1 | BS18: 1 | BT18: 1 | BU18: =if( BR18=1, if( BS18=1, if( BT18=1, 5, 3), if( BT18=1, 1, -3 ) ), if(BS18=1,if(BT18=1, -1, -2 ), if(BT18=1, 7, 0 ) ) ) -> 5 | BV18: 1 | BW18: =if(BS18=0,BU18,BU18*BV18) -> 5 | BX18: 1 | BY18: 1 | BZ18: 1 | CA18: =if( BX18=1, if( BY18=1, if( BZ18=1, 5, 3), if( BZ18=1, 1, -3 ) ), if(BY18=1,if(BZ18=1, -1, -2 ), if(BZ18=1, 7, 0 ) ) ) -> 5 | CB18: 1 | CC18: =if(BY18=0,CA18,CA18*CB18) -> 5 | CD18: 1 | CE18: 1 | CF18: 1 | CG18: =if( CD18=1, if( CE18=1, if( CF18=1, 5, 3), if( CF18=1, 1, -3 ) ), if(CE18=1,if(CF18=1, -1, -2 ), if(CF18=1, 7, 0 ) ) ) -> 5 | CH18: 1 | CI18: =if(CE18=0,CG18,CG18*CH18) -> 5 | CM18: =if( CJ18=1, if( CK18=1, if( CL18=1, 5, 3), if( CL18=1, 1, -3 ) ), if(CK18=1,if(CL18=1, -1, -2 ), if(CL18=1, 7, 0 ) ) ) -> 0 | CO18: =if(CK18=0,CM18,CM18*CN18) -> 0 | CS18: =if( CP18=1, if( CQ18=1, if( CR18=1, 5, 3), if( CR18=1, 1, -3 ) ), if(CQ18=1,if(CR18=1, -1, -2 ), if(CR18=1, 7, 0 ) ) ) -> 0 | CU18: =if(CQ18=0,CS18,CS18*CT18) -> 0 | CV18: 1 | CW18: 1 | CX18: 1 | CY18: =if( CV18=1, if( CW18=1, if( CX18=1, 5, 3), if( CX18=1, 1, -3 ) ), if(CW18=1,if(CX18=1, -1, -2 ), if(CX18=1, 7, 0 ) ) ) -> 5 | CZ18: 1 | DA18: =if(CW18=0,CY18,CY18*CZ18) -> 5 | DE18: =if( DB18=1, if( DC18=1, if( DD18=1, 5, 3), if( DD18=1, 1, -3 ) ), if(DC18=1,if(DD18=1, -1, -2 ), if(DD18=1, 7, 0 ) ) ) -> 0 | DF18: 1 | DG18: =if(DC18=0,DE18,DE18*DF18) -> 0 | DK18: =if( DH18=1, if( DI18=1, if( DJ18=1, 5, 3), if( DJ18=1, 1, -3 ) ), if(DI18=1,if(DJ18=1, -1, -2 ), if(DJ18=1, 7, 0 ) ) ) -> 0 | DL18: 1 | DM18: =if(DI18=0,DK18,DK18*DL18) -> 0 | DQ18: =if( DN18=1, if( DO18=1, if( DP18=1, 5, 3), if( DP18=1, 1, -3 ) ), if(DO18=1,if(DP18=1, -1, -2 ), if(DP18=1, 7, 0 ) ) ) -> 0 | DR18: 1 | DS18: =if(DO18=0,DQ18,DQ18*DR18) -> 0 | DT18: 1 | DU18: 1 | DV18: 1 | DW18: =if( DT18=1, if( DU18=1, if( DV18=1, 5, 3), if( DV18=1, 1, -3 ) ), if(DU18=1,if(DV18=1, -1, -2 ), if(DV18=1, 7, 0 ) ) ) -> 5 | DX18: 1 | DY18: =if(DU18=0,DW18,DW18*DX18) -> 5 | EC18: =if( DZ18=1, if( EA18=1, if( EB18=1, 5, 3), if( EB18=1, 1, -3 ) ), if(EA18=1,if(EB18=1, -1, -2 ), if(EB18=1, 7, 0 ) ) ) -> 0 | ED18: 1 | EE18: =if(EA18=0,EC18,EC18*ED18) -> 0 | EF18: 1 | EG18: 1 | EI18: =if( EF18=1, if( EG18=1, if( EH18=1, 5, 3), if( EH18=1, 1, -3 ) ), if(EG18=1,if(EH18=1, -1, -2 ), if(EH18=1, 7, 0 ) ) ) -> 3 | EJ18: 1 | EK18: =if(EG18=0,EI18,EI18*EJ18) -> 3 | EO18: =if( EL18=1, if( EM18=1, if( EN18=1, 5, 3), if( EN18=1, 1, -3 ) ), if(EM18=1,if(EN18=1, -1, -2 ), if(EN18=1, 7, 0 ) ) ) -> 0 | EP18: 1 | EQ18: =if(EM18=0,EO18,EO18*EP18) -> 0 | EU18: =if( ER18=1, if( ES18=1, if( ET18=1, 5, 3), if( ET18=1, 1, -3 ) ), if(ES18=1,if(ET18=1, -1, -2 ), if(ET18=1, 7, 0 ) ) ) -> 0 | EV18: 1 | EW18: =if(ES18=0,EU18,EU18*EV18) -> 0 | FA18: =if( EX18=1, if( EY18=1, if( EZ18=1, 5, 3), if( EZ18=1, 1, -3 ) ), if(EY18=1,if(EZ18=1, -1, -2 ), if(EZ18=1, 7, 0 ) ) ) -> 0 | FB18: 1 | FC18: =if(EY18=0,FA18,FA18*FB18) -> 0 | FG18: =if( FD18=1, if( FE18=1, if( FF18=1, 5, 3), if( FF18=1, 1, -3 ) ), if(FE18=1,if(FF18=1, -1, -2 ), if(FF18=1, 7, 0 ) ) ) -> 0 | FH18: 1 | FI18: =if(FE18=0,FG18,FG18*FH18) -> 0 | FM18: =if( FJ18=1, if( FK18=1, if( FL18=1, 5, 3), if( FL18=1, 1, -3 ) ), if(FK18=1,if(FL18=1, -1, -2 ), if(FL18=1, 7, 0 ) ) ) -> 0 | FN18: 1 | FO18: =if(FK18=0,FM18,FM18*FN18) -> 0 | FS18: =if( FP18=1, if( FQ18=1, if( FR18=1, 5, 3), if( FR18=1, 1, -3 ) ), if(FQ18=1,if(FR18=1, -1, -2 ), if(FR18=1, 7, 0 ) ) ) -> 0 | FT18: 1 | FU18: =if(FQ18=0,FS18,FS18*FT18) -> 0 | FY18: =if( FV18=1, if( FW18=1, if( FX18=1, 5, 3), if( FX18=1, 1, -3 ) ), if(FW18=1,if(FX18=1, -1, -2 ), if(FX18=1, 7, 0 ) ) ) -> 0 | FZ18: 1 | GA18: =if(FW18=0,FY18,FY18*FZ18) -> 0 | GB18: 1 | GC18: 1 | GD18: 1 | GE18: =if( GB18=1, if( GC18=1, if( GD18=1, 5, 3), if( GD18=1, 1, -3 ) ), if(GC18=1,if(GD18=1, -1, -2 ), if(GD18=1, 7, 0 ) ) ) -> 5 | GF18: 1 | GG18: =if(GC18=0,GE18,GE18*GF18) -> 5 | GH18: 1 | GI18: 1 | GJ18: 1 | GK18: =if( GH18=1, if( GI18=1, if( GJ18=1, 5, 3), if( GJ18=1, 1, -3 ) ), if(GI18=1,if(GJ18=1, -1, -2 ), if(GJ18=1, 7, 0 ) ) ) -> 5 | GL18: 1 | GM18: =if(GI18=0,GK18,GK18*GL18) -> 5 | GQ18: =if( GN18=1, if( GO18=1, if( GP18=1, 5, 3), if( GP18=1, 1, -3 ) ), if(GO18=1,if(GP18=1, -1, -2 ), if(GP18=1, 7, 0 ) ) ) -> 0 | GR18: 1 | GS18: =if(GO18=0,GQ18,GQ18*GR18) -> 0 | GW18: =if( GT18=1, if( GU18=1, if( GV18=1, 5, 3), if( GV18=1, 1, -3 ) ), if(GU18=1,if(GV18=1, -1, -2 ), if(GV18=1, 7, 0 ) ) ) -> 0 | GX18: 1 | GY18: =if(GU18=0,GW18,GW18*GX18) -> 0 | HC18: =if( GZ18=1, if( HA18=1, if( HB18=1, 5, 3), if( HB18=1, 1, -3 ) ), if(HA18=1,if(HB18=1, -1, -2 ), if(HB18=1, 7, 0 ) ) ) -> 0 | HD18: 1 | HE18: =if(HA18=0,HC18,HC18*HD18) -> 0 | HI18: =if( HF18=1, if( HG18=1, if( HH18=1, 5, 3), if( HH18=1, 1, -3 ) ), if(HG18=1,if(HH18=1, -1, -2 ), if(HH18=1, 7, 0 ) ) ) -> 0 | HJ18: 1 | HK18: =if(HG18=0,HI18,HI18*HJ18) -> 0 | HO18: =if( HL18=1, if( HM18=1, if( HN18=1, 5, 3), if( HN18=1, 1, -3 ) ), if(HM18=1,if(HN18=1, -1, -2 ), if(HN18=1, 7, 0 ) ) ) -> 0 | HP18: 1 | HQ18: =if(HM18=0,HO18,HO18*HP18) -> 0 | HU18: =if( HR18=1, if( HS18=1, if( HT18=1, 5, 3), if( HT18=1, 1, -3 ) ), if(HS18=1,if(HT18=1, -1, -2 ), if(HT18=1, 7, 0 ) ) ) -> 0 | HV18: 1 | HW18: =if(HS18=0,HU18,HU18*HV18) -> 0 | IA18: =if( HX18=1, if( HY18=1, if( HZ18=1, 5, 3), if( HZ18=1, 1, -3 ) ), if(HY18=1,if(HZ18=1, -1, -2 ), if(HZ18=1, 7, 0 ) ) ) -> 0 | IB18: 1 | IC18: =if(HY18=0,IA18,IA18*IB18) -> 0 | IG18: =if( ID18=1, if( IE18=1, if( IF18=1, 5, 3), if( IF18=1, 1, -3 ) ), if(IE18=1,if(IF18=1, -1, -2 ), if(IF18=1, 7, 0 ) ) ) -> 0 | IH18: 1 | II18: =if(IE18=0,IG18,IG18*IH18) -> 0 | IM18: =if( IJ18=1, if( IK18=1, if( IL18=1, 5, 3), if( IL18=1, 1, -3 ) ), if(IK18=1,if(IL18=1, -1, -2 ), if(IL18=1, 7, 0 ) ) ) -> 0 | IN18: 1 | IO18: =if(IK18=0,IM18,IM18*IN18) -> 0
A19: Enrique | B19: El Doctor Arjona | C19: =countA($A$6:A19) -> 14 | D19: =VLOOKUP(A19,TDP!A:C,3,FALSE) -> 0.3 | E19: =(1+$D19)*sum($G19,$M19,$Q19,$U19,$AA19,$AG19,$AM19,$AS19,$AY19,$BE19,$BK19,$BQ19,$BW19,$CC19,$CI19,$CO19,$CU19,$DA19,$DG19,$DM19,$DS19,$DY19,$EE19,$EK19,$EQ19,$EW19,$FC19,$FI19,$FO19,$FU19,$GA19,$GG19,$GM19,$GS19,$GY19,$HE19,$HK19,$HQ19,$HW19,$IC19,$II19,$IO19) -> 101.4 | G19: =if(F19=1, 7, 0 ) -> 0 | K19: =if( H19=1, if( I19=1, if( J19=1, 5, 3), if( J19=1, 1, -3 ) ), if(I19=1,if(J19=1, -1, -2 ), if(J19=1, 7, 0 ) ) ) -> 0 | M19: =if(I19=0,K19,K19*L19) -> 0 | Q19: =if( N19=1, if( O19=1, if( P19=1, 5, 3), if( P19=1, 1, -3 ) ), if(O19=1,if(P19=1, -1, -2 ), if(P19=1, 7, 0 ) ) ) -> 0 | U19: =if( R19=1, if( S19=1, if( T19=1, 5, 3), if( T19=1, 1, -3 ) ), if(S19=1,if(T19=1, -1, -2 ), if(T19=1, 7, 0 ) ) ) -> 0 | Y19: =if( V19=1, if( W19=1, if( X19=1, 5, 3), if( X19=1, 1, -3 ) ), if(W19=1,if(X19=1, -1, -2 ), if(X19=1, 7, 0 ) ) ) -> 0 | AA19: =if(W19=0,Y19,Y19*Z19) -> 0 | AE19: =if( AB19=1, if( AC19=1, if( AD19=1, 5, 3), if( AD19=1, 1, -3 ) ), if(AC19=1,if(AD19=1, -1, -2 ), if(AD19=1, 7, 0 ) ) ) -> 0 | AG19: =if(AC19=0,AE19,AE19*AF19) -> 0 | AJ19: 1 | AK19: =if( AH19=1, if( AI19=1, if( AJ19=1, 5, 3), if( AJ19=1, 1, -3 ) ), if(AI19=1,if(AJ19=1, -1, -2 ), if(AJ19=1, 7, 0 ) ) ) -> 7 | AM19: =if(AI19=0,AK19,AK19*AL19) -> 7 | AQ19: =if( AN19=1, if( AO19=1, if( AP19=1, 5, 3), if( AP19=1, 1, -3 ) ), if(AO19=1,if(AP19=1, -1, -2 ), if(AP19=1, 7, 0 ) ) ) -> 0 | AS19: =if(AO19=0,AQ19,AQ19*AR19) -> 0 | AW19: =if( AT19=1, if( AU19=1, if( AV19=1, 5, 3), if( AV19=1, 1, -3 ) ), if(AU19=1,if(AV19=1, -1, -2 ), if(AV19=1, 7, 0 ) ) ) -> 0 | AY19: =if(AU19=0,AW19,AW19*AX19) -> 0 | BC19: =if( AZ19=1, if( BA19=1, if( BB19=1, 5, 3), if( BB19=1, 1, -3 ) ), if(BA19=1,if(BB19=1, -1, -2 ), if(BB19=1, 7, 0 ) ) ) -> 0 | BE19: =if(BA19=0,BC19,BC19*BD19) -> 0 | BH19: 1 | BI19: =if( BF19=1, if( BG19=1, if( BH19=1, 5, 3), if( BH19=1, 1, -3 ) ), if(BG19=1,if(BH19=1, -1, -2 ), if(BH19=1, 7, 0 ) ) ) -> 7 | BK19: =if(BG19=0,BI19,BI19*BJ19) -> 7 | BN19: 1 | BO19: =if( BL19=1, if( BM19=1, if( BN19=1, 5, 3), if( BN19=1, 1, -3 ) ), if(BM19=1,if(BN19=1, -1, -2 ), if(BN19=1, 7, 0 ) ) ) -> 7 | BQ19: =if(BM19=0,BO19,BO19*BP19) -> 7 | BU19: =if( BR19=1, if( BS19=1, if( BT19=1, 5, 3), if( BT19=1, 1, -3 ) ), if(BS19=1,if(BT19=1, -1, -2 ), if(BT19=1, 7, 0 ) ) ) -> 0 | BW19: =if(BS19=0,BU19,BU19*BV19) -> 0 | BZ19: 1 | CA19: =if( BX19=1, if( BY19=1, if( BZ19=1, 5, 3), if( BZ19=1, 1, -3 ) ), if(BY19=1,if(BZ19=1, -1, -2 ), if(BZ19=1, 7, 0 ) ) ) -> 7 | CC19: =if(BY19=0,CA19,CA19*CB19) -> 7 | CG19: =if( CD19=1, if( CE19=1, if( CF19=1, 5, 3), if( CF19=1, 1, -3 ) ), if(CE19=1,if(CF19=1, -1, -2 ), if(CF19=1, 7, 0 ) ) ) -> 0 | CI19: =if(CE19=0,CG19,CG19*CH19) -> 0 | CM19: =if( CJ19=1, if( CK19=1, if( CL19=1, 5, 3), if( CL19=1, 1, -3 ) ), if(CK19=1,if(CL19=1, -1, -2 ), if(CL19=1, 7, 0 ) ) ) -> 0 | CO19: =if(CK19=0,CM19,CM19*CN19) -> 0 | CP19: 1 | CQ19: 1 | CS19: =if( CP19=1, if( CQ19=1, if( CR19=1, 5, 3), if( CR19=1, 1, -3 ) ), if(CQ19=1,if(CR19=1, -1, -2 ), if(CR19=1, 7, 0 ) ) ) -> 3 | CT19: 1 | CU19: =if(CQ19=0,CS19,CS19*CT19) -> 3 | CV19: 1 | CW19: 1 | CY19: =if( CV19=1, if( CW19=1, if( CX19=1, 5, 3), if( CX19=1, 1, -3 ) ), if(CW19=1,if(CX19=1, -1, -2 ), if(CX19=1, 7, 0 ) ) ) -> 3 | CZ19: 1 | DA19: =if(CW19=0,CY19,CY19*CZ19) -> 3 | DE19: =if( DB19=1, if( DC19=1, if( DD19=1, 5, 3), if( DD19=1, 1, -3 ) ), if(DC19=1,if(DD19=1, -1, -2 ), if(DD19=1, 7, 0 ) ) ) -> 0 | DF19: 1 | DG19: =if(DC19=0,DE19,DE19*DF19) -> 0 | DH19: 1 | DI19: 1 | DK19: =if( DH19=1, if( DI19=1, if( DJ19=1, 5, 3), if( DJ19=1, 1, -3 ) ), if(DI19=1,if(DJ19=1, -1, -2 ), if(DJ19=1, 7, 0 ) ) ) -> 3 | DL19: 1 | DM19: =if(DI19=0,DK19,DK19*DL19) -> 3 | DQ19: =if( DN19=1, if( DO19=1, if( DP19=1, 5, 3), if( DP19=1, 1, -3 ) ), if(DO19=1,if(DP19=1, -1, -2 ), if(DP19=1, 7, 0 ) ) ) -> 0 | DR19: 1 | DS19: =if(DO19=0,DQ19,DQ19*DR19) -> 0 | DT19: 1 | DU19: 1 | DW19: =if( DT19=1, if( DU19=1, if( DV19=1, 5, 3), if( DV19=1, 1, -3 ) ), if(DU19=1,if(DV19=1, -1, -2 ), if(DV19=1, 7, 0 ) ) ) -> 3 | DX19: 1 | DY19: =if(DU19=0,DW19,DW19*DX19) -> 3 | EC19: =if( DZ19=1, if( EA19=1, if( EB19=1, 5, 3), if( EB19=1, 1, -3 ) ), if(EA19=1,if(EB19=1, -1, -2 ), if(EB19=1, 7, 0 ) ) ) -> 0 | ED19: 1 | EE19: =if(EA19=0,EC19,EC19*ED19) -> 0 | EF19: 1 | EG19: 1 | EI19: =if( EF19=1, if( EG19=1, if( EH19=1, 5, 3), if( EH19=1, 1, -3 ) ), if(EG19=1,if(EH19=1, -1, -2 ), if(EH19=1, 7, 0 ) ) ) -> 3 | EJ19: 1 | EK19: =if(EG19=0,EI19,EI19*EJ19) -> 3 | EL19: 1 | EM19: 1 | EN19: 1 | EO19: =if( EL19=1, if( EM19=1, if( EN19=1, 5, 3), if( EN19=1, 1, -3 ) ), if(EM19=1,if(EN19=1, -1, -2 ), if(EN19=1, 7, 0 ) ) ) -> 5 | EP19: 1 | EQ19: =if(EM19=0,EO19,EO19*EP19) -> 5 | EU19: =if( ER19=1, if( ES19=1, if( ET19=1, 5, 3), if( ET19=1, 1, -3 ) ), if(ES19=1,if(ET19=1, -1, -2 ), if(ET19=1, 7, 0 ) ) ) -> 0 | EV19: 1 | EW19: =if(ES19=0,EU19,EU19*EV19) -> 0 | EX19: 1 | EY19: 1 | EZ19: 1 | FA19: =if( EX19=1, if( EY19=1, if( EZ19=1, 5, 3), if( EZ19=1, 1, -3 ) ), if(EY19=1,if(EZ19=1, -1, -2 ), if(EZ19=1, 7, 0 ) ) ) -> 5 | FB19: 1 | FC19: =if(EY19=0,FA19,FA19*FB19) -> 5 | FG19: =if( FD19=1, if( FE19=1, if( FF19=1, 5, 3), if( FF19=1, 1, -3 ) ), if(FE19=1,if(FF19=1, -1, -2 ), if(FF19=1, 7, 0 ) ) ) -> 0 | FH19: 1 | FI19: =if(FE19=0,FG19,FG19*FH19) -> 0 | FM19: =if( FJ19=1, if( FK19=1, if( FL19=1, 5, 3), if( FL19=1, 1, -3 ) ), if(FK19=1,if(FL19=1, -1, -2 ), if(FL19=1, 7, 0 ) ) ) -> 0 | FN19: 1 | FO19: =if(FK19=0,FM19,FM19*FN19) -> 0 | FP19: 1 | FQ19: 1 | FR19: 1 | FS19: =if( FP19=1, if( FQ19=1, if( FR19=1, 5, 3), if( FR19=1, 1, -3 ) ), if(FQ19=1,if(FR19=1, -1, -2 ), if(FR19=1, 7, 0 ) ) ) -> 5 | FT19: 1 | FU19: =if(FQ19=0,FS19,FS19*FT19) -> 5 | FV19: 1 | FW19: 1 | FX19: 1 | FY19: =if( FV19=1, if( FW19=1, if( FX19=1, 5, 3), if( FX19=1, 1, -3 ) ), if(FW19=1,if(FX19=1, -1, -2 ), if(FX19=1, 7, 0 ) ) ) -> 5 | FZ19: 1 | GA19: =if(FW19=0,FY19,FY19*FZ19) -> 5 | GB19: 1 | GC19: 1 | GD19: 1 | GE19: =if( GB19=1, if( GC19=1, if( GD19=1, 5, 3), if( GD19=1, 1, -3 ) ), if(GC19=1,if(GD19=1, -1, -2 ), if(GD19=1, 7, 0 ) ) ) -> 5 | GF19: 1 | GG19: =if(GC19=0,GE19,GE19*GF19) -> 5 | GH19: 1 | GI19: 1 | GJ19: 1 | GK19: =if( GH19=1, if( GI19=1, if( GJ19=1, 5, 3), if( GJ19=1, 1, -3 ) ), if(GI19=1,if(GJ19=1, -1, -2 ), if(GJ19=1, 7, 0 ) ) ) -> 5 | GL19: 1 | GM19: =if(GI19=0,GK19,GK19*GL19) -> 5 | GQ19: =if( GN19=1, if( GO19=1, if( GP19=1, 5, 3), if( GP19=1, 1, -3 ) ), if(GO19=1,if(GP19=1, -1, -2 ), if(GP19=1, 7, 0 ) ) ) -> 0 | GR19: 1 | GS19: =if(GO19=0,GQ19,GQ19*GR19) -> 0 | GW19: =if( GT19=1, if( GU19=1, if( GV19=1, 5, 3), if( GV19=1, 1, -3 ) ), if(GU19=1,if(GV19=1, -1, -2 ), if(GV19=1, 7, 0 ) ) ) -> 0 | GX19: 1 | GY19: =if(GU19=0,GW19,GW19*GX19) -> 0 | GZ19: 1 | HA19: 1 | HB19: 1 | HC19: =if( GZ19=1, if( HA19=1, if( HB19=1, 5, 3), if( HB19=1, 1, -3 ) ), if(HA19=1,if(HB19=1, -1, -2 ), if(HB19=1, 7, 0 ) ) ) -> 5 | HD19: 1 | HE19: =if(HA19=0,HC19,HC19*HD19) -> 5 | HI19: =if( HF19=1, if( HG19=1, if( HH19=1, 5, 3), if( HH19=1, 1, -3 ) ), if(HG19=1,if(HH19=1, -1, -2 ), if(HH19=1, 7, 0 ) ) ) -> 0 | HJ19: 1 | HK19: =if(HG19=0,HI19,HI19*HJ19) -> 0 | HO19: =if( HL19=1, if( HM19=1, if( HN19=1, 5, 3), if( HN19=1, 1, -3 ) ), if(HM19=1,if(HN19=1, -1, -2 ), if(HN19=1, 7, 0 ) ) ) -> 0 | HP19: 1 | HQ19: =if(HM19=0,HO19,HO19*HP19) -> 0 | HU19: =if( HR19=1, if( HS19=1, if( HT19=1, 5, 3), if( HT19=1, 1, -3 ) ), if(HS19=1,if(HT19=1, -1, -2 ), if(HT19=1, 7, 0 ) ) ) -> 0 | HV19: 1 | HW19: =if(HS19=0,HU19,HU19*HV19) -> 0 | IA19: =if( HX19=1, if( HY19=1, if( HZ19=1, 5, 3), if( HZ19=1, 1, -3 ) ), if(HY19=1,if(HZ19=1, -1, -2 ), if(HZ19=1, 7, 0 ) ) ) -> 0 | IB19: 1 | IC19: =if(HY19=0,IA19,IA19*IB19) -> 0 | IG19: =if( ID19=1, if( IE19=1, if( IF19=1, 5, 3), if( IF19=1, 1, -3 ) ), if(IE19=1,if(IF19=1, -1, -2 ), if(IF19=1, 7, 0 ) ) ) -> 0 | IH19: 1 | II19: =if(IE19=0,IG19,IG19*IH19) -> 0 | IM19: =if( IJ19=1, if( IK19=1, if( IL19=1, 5, 3), if( IL19=1, 1, -3 ) ), if(IK19=1,if(IL19=1, -1, -2 ), if(IL19=1, 7, 0 ) ) ) -> 0 | IN19: 1 | IO19: =if(IK19=0,IM19,IM19*IN19) -> 0
A20: Amed | B20: Usain Bolt | C20: =countA($A$6:A20) -> 15 | D20: =VLOOKUP(A20,TDP!A:C,3,FALSE) -> 0.18 | E20: =(1+$D20)*sum($G20,$M20,$Q20,$U20,$AA20,$AG20,$AM20,$AS20,$AY20,$BE20,$BK20,$BQ20,$BW20,$CC20,$CI20,$CO20,$CU20,$DA20,$DG20,$DM20,$DS20,$DY20,$EE20,$EK20,$EQ20,$EW20,$FC20,$FI20,$FO20,$FU20,$GA20,$GG20,$GM20,$GS20,$GY20,$HE20,$HK20,$HQ20,$HW20,$IC20,$II20,$IO20) -> 93.22 | G20: =if(F20=1, 7, 0 ) -> 0 | H20: 1 | I20: 1 | J20: 1 | K20: =if( H20=1, if( I20=1, if( J20=1, 5, 3), if( J20=1, 1, -3 ) ), if(I20=1,if(J20=1, -1, -2 ), if(J20=1, 7, 0 ) ) ) -> 5 | L20: 1 | M20: =if(I20=0,K20,K20*L20) -> 5 | Q20: =if( N20=1, if( O20=1, if( P20=1, 5, 3), if( P20=1, 1, -3 ) ), if(O20=1,if(P20=1, -1, -2 ), if(P20=1, 7, 0 ) ) ) -> 0 | U20: =if( R20=1, if( S20=1, if( T20=1, 5, 3), if( T20=1, 1, -3 ) ), if(S20=1,if(T20=1, -1, -2 ), if(T20=1, 7, 0 ) ) ) -> 0 | Y20: =if( V20=1, if( W20=1, if( X20=1, 5, 3), if( X20=1, 1, -3 ) ), if(W20=1,if(X20=1, -1, -2 ), if(X20=1, 7, 0 ) ) ) -> 0 | AA20: =if(W20=0,Y20,Y20*Z20) -> 0 | AB20: 1 | AC20: 1 | AD20: 1 | AE20: =if( AB20=1, if( AC20=1, if( AD20=1, 5, 3), if( AD20=1, 1, -3 ) ), if(AC20=1,if(AD20=1, -1, -2 ), if(AD20=1, 7, 0 ) ) ) -> 5 | AF20: 1 | AG20: =if(AC20=0,AE20,AE20*AF20) -> 5 | AH20: 1 | AI20: 1 | AJ20: 1 | AK20: =if( AH20=1, if( AI20=1, if( AJ20=1, 5, 3), if( AJ20=1, 1, -3 ) ), if(AI20=1,if(AJ20=1, -1, -2 ), if(AJ20=1, 7, 0 ) ) ) -> 5 | AL20: 1 | AM20: =if(AI20=0,AK20,AK20*AL20) -> 5 | AN20: 1 | AO20: 1 | AP20: 1 | AQ20: =if( AN20=1, if( AO20=1, if( AP20=1, 5, 3), if( AP20=1, 1, -3 ) ), if(AO20=1,if(AP20=1, -1, -2 ), if(AP20=1, 7, 0 ) ) ) -> 5 | AR20: 1 | AS20: =if(AO20=0,AQ20,AQ20*AR20) -> 5 | AV20: 1 | AW20: =if( AT20=1, if( AU20=1, if( AV20=1, 5, 3), if( AV20=1, 1, -3 ) ), if(AU20=1,if(AV20=1, -1, -2 ), if(AV20=1, 7, 0 ) ) ) -> 7 | AY20: =if(AU20=0,AW20,AW20*AX20) -> 7 | AZ20: 1 | BA20: 1 | BB20: 1 | BC20: =if( AZ20=1, if( BA20=1, if( BB20=1, 5, 3), if( BB20=1, 1, -3 ) ), if(BA20=1,if(BB20=1, -1, -2 ), if(BB20=1, 7, 0 ) ) ) -> 5 | BD20: 1 | BE20: =if(BA20=0,BC20,BC20*BD20) -> 5 | BF20: 1 | BG20: 1 | BH20: 1 | BI20: =if( BF20=1, if( BG20=1, if( BH20=1, 5, 3), if( BH20=1, 1, -3 ) ), if(BG20=1,if(BH20=1, -1, -2 ), if(BH20=1, 7, 0 ) ) ) -> 5 | BJ20: 1 | BK20: =if(BG20=0,BI20,BI20*BJ20) -> 5 | BL20: 1 | BM20: 1 | BN20: 1 | BO20: =if( BL20=1, if( BM20=1, if( BN20=1, 5, 3), if( BN20=1, 1, -3 ) ), if(BM20=1,if(BN20=1, -1, -2 ), if(BN20=1, 7, 0 ) ) ) -> 5 | BP20: 1 | BQ20: =if(BM20=0,BO20,BO20*BP20) -> 5 | BR20: 1 | BS20: 1 | BT20: 1 | BU20: =if( BR20=1, if( BS20=1, if( BT20=1, 5, 3), if( BT20=1, 1, -3 ) ), if(BS20=1,if(BT20=1, -1, -2 ), if(BT20=1, 7, 0 ) ) ) -> 5 | BV20: 1 | BW20: =if(BS20=0,BU20,BU20*BV20) -> 5 | CA20: =if( BX20=1, if( BY20=1, if( BZ20=1, 5, 3), if( BZ20=1, 1, -3 ) ), if(BY20=1,if(BZ20=1, -1, -2 ), if(BZ20=1, 7, 0 ) ) ) -> 0 | CC20: =if(BY20=0,CA20,CA20*CB20) -> 0 | CG20: =if( CD20=1, if( CE20=1, if( CF20=1, 5, 3), if( CF20=1, 1, -3 ) ), if(CE20=1,if(CF20=1, -1, -2 ), if(CF20=1, 7, 0 ) ) ) -> 0 | CI20: =if(CE20=0,CG20,CG20*CH20) -> 0 | CM20: =if( CJ20=1, if( CK20=1, if( CL20=1, 5, 3), if( CL20=1, 1, -3 ) ), if(CK20=1,if(CL20=1, -1, -2 ), if(CL20=1, 7, 0 ) ) ) -> 0 | CO20: =if(CK20=0,CM20,CM20*CN20) -> 0 | CS20: =if( CP20=1, if( CQ20=1, if( CR20=1, 5, 3), if( CR20=1, 1, -3 ) ), if(CQ20=1,if(CR20=1, -1, -2 ), if(CR20=1, 7, 0 ) ) ) -> 0 | CU20: =if(CQ20=0,CS20,CS20*CT20) -> 0 | CV20: 1 | CW20: 1 | CY20: =if( CV20=1, if( CW20=1, if( CX20=1, 5, 3), if( CX20=1, 1, -3 ) ), if(CW20=1,if(CX20=1, -1, -2 ), if(CX20=1, 7, 0 ) ) ) -> 3 | CZ20: 1 | DA20: =if(CW20=0,CY20,CY20*CZ20) -> 3 | DE20: =if( DB20=1, if( DC20=1, if( DD20=1, 5, 3), if( DD20=1, 1, -3 ) ), if(DC20=1,if(DD20=1, -1, -2 ), if(DD20=1, 7, 0 ) ) ) -> 0 | DF20: 1 | DG20: =if(DC20=0,DE20,DE20*DF20) -> 0 | DK20: =if( DH20=1, if( DI20=1, if( DJ20=1, 5, 3), if( DJ20=1, 1, -3 ) ), if(DI20=1,if(DJ20=1, -1, -2 ), if(DJ20=1, 7, 0 ) ) ) -> 0 | DL20: 1 | DM20: =if(DI20=0,DK20,DK20*DL20) -> 0 | DQ20: =if( DN20=1, if( DO20=1, if( DP20=1, 5, 3), if( DP20=1, 1, -3 ) ), if(DO20=1,if(DP20=1, -1, -2 ), if(DP20=1, 7, 0 ) ) ) -> 0 | DR20: 1 | DS20: =if(DO20=0,DQ20,DQ20*DR20) -> 0 | DT20: 1 | DU20: 1 | DW20: =if( DT20=1, if( DU20=1, if( DV20=1, 5, 3), if( DV20=1, 1, -3 ) ), if(DU20=1,if(DV20=1, -1, -2 ), if(DV20=1, 7, 0 ) ) ) -> 3 | DX20: 1 | DY20: =if(DU20=0,DW20,DW20*DX20) -> 3 | EC20: =if( DZ20=1, if( EA20=1, if( EB20=1, 5, 3), if( EB20=1, 1, -3 ) ), if(EA20=1,if(EB20=1, -1, -2 ), if(EB20=1, 7, 0 ) ) ) -> 0 | ED20: 1 | EE20: =if(EA20=0,EC20,EC20*ED20) -> 0 | EF20: 1 | EG20: 1 | EH20: 1 | EI20: =if( EF20=1, if( EG20=1, if( EH20=1, 5, 3), if( EH20=1, 1, -3 ) ), if(EG20=1,if(EH20=1, -1, -2 ), if(EH20=1, 7, 0 ) ) ) -> 5 | EJ20: 1 | EK20: =if(EG20=0,EI20,EI20*EJ20) -> 5 | EL20: 1 | EM20: 1 | EN20: 1 | EO20: =if( EL20=1, if( EM20=1, if( EN20=1, 5, 3), if( EN20=1, 1, -3 ) ), if(EM20=1,if(EN20=1, -1, -2 ), if(EN20=1, 7, 0 ) ) ) -> 5 | EP20: 1 | EQ20: =if(EM20=0,EO20,EO20*EP20) -> 5 | ER20: 1 | ES20: 1 | EU20: =if( ER20=1, if( ES20=1, if( ET20=1, 5, 3), if( ET20=1, 1, -3 ) ), if(ES20=1,if(ET20=1, -1, -2 ), if(ET20=1, 7, 0 ) ) ) -> 3 | EV20: 1 | EW20: =if(ES20=0,EU20,EU20*EV20) -> 3 | FA20: =if( EX20=1, if( EY20=1, if( EZ20=1, 5, 3), if( EZ20=1, 1, -3 ) ), if(EY20=1,if(EZ20=1, -1, -2 ), if(EZ20=1, 7, 0 ) ) ) -> 0 | FB20: 1 | FC20: =if(EY20=0,FA20,FA20*FB20) -> 0 | FG20: =if( FD20=1, if( FE20=1, if( FF20=1, 5, 3), if( FF20=1, 1, -3 ) ), if(FE20=1,if(FF20=1, -1, -2 ), if(FF20=1, 7, 0 ) ) ) -> 0 | FH20: 1 | FI20: =if(FE20=0,FG20,FG20*FH20) -> 0 | FM20: =if( FJ20=1, if( FK20=1, if( FL20=1, 5, 3), if( FL20=1, 1, -3 ) ), if(FK20=1,if(FL20=1, -1, -2 ), if(FL20=1, 7, 0 ) ) ) -> 0 | FN20: 1 | FO20: =if(FK20=0,FM20,FM20*FN20) -> 0 | FP20: 1 | FQ20: 1 | FR20: 1 | FS20: =if( FP20=1, if( FQ20=1, if( FR20=1, 5, 3), if( FR20=1, 1, -3 ) ), if(FQ20=1,if(FR20=1, -1, -2 ), if(FR20=1, 7, 0 ) ) ) -> 5 | FT20: 1 | FU20: =if(FQ20=0,FS20,FS20*FT20) -> 5 | FY20: =if( FV20=1, if( FW20=1, if( FX20=1, 5, 3), if( FX20=1, 1, -3 ) ), if(FW20=1,if(FX20=1, -1, -2 ), if(FX20=1, 7, 0 ) ) ) -> 0 | FZ20: 1 | GA20: =if(FW20=0,FY20,FY20*FZ20) -> 0 | GE20: =if( GB20=1, if( GC20=1, if( GD20=1, 5, 3), if( GD20=1, 1, -3 ) ), if(GC20=1,if(GD20=1, -1, -2 ), if(GD20=1, 7, 0 ) ) ) -> 0 | GF20: 1 | GG20: =if(GC20=0,GE20,GE20*GF20) -> 0 | GH20: 1 | GI20: 1 | GK20: =if( GH20=1, if( GI20=1, if( GJ20=1, 5, 3), if( GJ20=1, 1, -3 ) ), if(GI20=1,if(GJ20=1, -1, -2 ), if(GJ20=1, 7, 0 ) ) ) -> 3 | GL20: 1 | GM20: =if(GI20=0,GK20,GK20*GL20) -> 3 | GQ20: =if( GN20=1, if( GO20=1, if( GP20=1, 5, 3), if( GP20=1, 1, -3 ) ), if(GO20=1,if(GP20=1, -1, -2 ), if(GP20=1, 7, 0 ) ) ) -> 0 | GR20: 1 | GS20: =if(GO20=0,GQ20,GQ20*GR20) -> 0 | GW20: =if( GT20=1, if( GU20=1, if( GV20=1, 5, 3), if( GV20=1, 1, -3 ) ), if(GU20=1,if(GV20=1, -1, -2 ), if(GV20=1, 7, 0 ) ) ) -> 0 | GX20: 1 | GY20: =if(GU20=0,GW20,GW20*GX20) -> 0 | GZ20: 1 | HA20: 1 | HB20: 1 | HC20: =if( GZ20=1, if( HA20=1, if( HB20=1, 5, 3), if( HB20=1, 1, -3 ) ), if(HA20=1,if(HB20=1, -1, -2 ), if(HB20=1, 7, 0 ) ) ) -> 5 | HD20: 1 | HE20: =if(HA20=0,HC20,HC20*HD20) -> 5 | HI20: =if( HF20=1, if( HG20=1, if( HH20=1, 5, 3), if( HH20=1, 1, -3 ) ), if(HG20=1,if(HH20=1, -1, -2 ), if(HH20=1, 7, 0 ) ) ) -> 0 | HJ20: 1 | HK20: =if(HG20=0,HI20,HI20*HJ20) -> 0 | HO20: =if( HL20=1, if( HM20=1, if( HN20=1, 5, 3), if( HN20=1, 1, -3 ) ), if(HM20=1,if(HN20=1, -1, -2 ), if(HN20=1, 7, 0 ) ) ) -> 0 | HP20: 1 | HQ20: =if(HM20=0,HO20,HO20*HP20) -> 0 | HU20: =if( HR20=1, if( HS20=1, if( HT20=1, 5, 3), if( HT20=1, 1, -3 ) ), if(HS20=1,if(HT20=1, -1, -2 ), if(HT20=1, 7, 0 ) ) ) -> 0 | HV20: 1 | HW20: =if(HS20=0,HU20,HU20*HV20) -> 0 | IA20: =if( HX20=1, if( HY20=1, if( HZ20=1, 5, 3), if( HZ20=1, 1, -3 ) ), if(HY20=1,if(HZ20=1, -1, -2 ), if(HZ20=1, 7, 0 ) ) ) -> 0 | IB20: 1 | IC20: =if(HY20=0,IA20,IA20*IB20) -> 0 | IG20: =if( ID20=1, if( IE20=1, if( IF20=1, 5, 3), if( IF20=1, 1, -3 ) ), if(IE20=1,if(IF20=1, -1, -2 ), if(IF20=1, 7, 0 ) ) ) -> 0 | IH20: 1 | II20: =if(IE20=0,IG20,IG20*IH20) -> 0 | IM20: =if( IJ20=1, if( IK20=1, if( IL20=1, 5, 3), if( IL20=1, 1, -3 ) ), if(IK20=1,if(IL20=1, -1, -2 ), if(IL20=1, 7, 0 ) ) ) -> 0 | IN20: 1 | IO20: =if(IK20=0,IM20,IM20*IN20) -> 0
A21: Juan | B21: Masca bolsas | C21: =countA($A$6:A21) -> 16 | D21: =VLOOKUP(A21,TDP!A:C,3,FALSE) -> 0.39 | E21: =(1+$D21)*sum($G21,$M21,$Q21,$U21,$AA21,$AG21,$AM21,$AS21,$AY21,$BE21,$BK21,$BQ21,$BW21,$CC21,$CI21,$CO21,$CU21,$DA21,$DG21,$DM21,$DS21,$DY21,$EE21,$EK21,$EQ21,$EW21,$FC21,$FI21,$FO21,$FU21,$GA21,$GG21,$GM21,$GS21,$GY21,$HE21,$HK21,$HQ21,$HW21,$IC21,$II21,$IO21) -> 91.74 | F21: 1 | G21: =if(F21=1, 7, 0 ) -> 7 | K21: =if( H21=1, if( I21=1, if( J21=1, 5, 3), if( J21=1, 1, -3 ) ), if(I21=1,if(J21=1, -1, -2 ), if(J21=1, 7, 0 ) ) ) -> 0 | M21: =if(I21=0,K21,K21*L21) -> 0 | Q21: =if( N21=1, if( O21=1, if( P21=1, 5, 3), if( P21=1, 1, -3 ) ), if(O21=1,if(P21=1, -1, -2 ), if(P21=1, 7, 0 ) ) ) -> 0 | U21: =if( R21=1, if( S21=1, if( T21=1, 5, 3), if( T21=1, 1, -3 ) ), if(S21=1,if(T21=1, -1, -2 ), if(T21=1, 7, 0 ) ) ) -> 0 | V21: 1 | W21: 1 | X21: 1 | Y21: =if( V21=1, if( W21=1, if( X21=1, 5, 3), if( X21=1, 1, -3 ) ), if(W21=1,if(X21=1, -1, -2 ), if(X21=1, 7, 0 ) ) ) -> 5 | Z21: 1 | AA21: =if(W21=0,Y21,Y21*Z21) -> 5 | AB21: 1 | AC21: 1 | AD21: 1 | AE21: =if( AB21=1, if( AC21=1, if( AD21=1, 5, 3), if( AD21=1, 1, -3 ) ), if(AC21=1,if(AD21=1, -1, -2 ), if(AD21=1, 7, 0 ) ) ) -> 5 | AF21: 1 | AG21: =if(AC21=0,AE21,AE21*AF21) -> 5 | AH21: 1 | AI21: 1 | AK21: =if( AH21=1, if( AI21=1, if( AJ21=1, 5, 3), if( AJ21=1, 1, -3 ) ), if(AI21=1,if(AJ21=1, -1, -2 ), if(AJ21=1, 7, 0 ) ) ) -> 3 | AL21: 1 | AM21: =if(AI21=0,AK21,AK21*AL21) -> 3 | AN21: 1 | AO21: 1 | AP21: 1 | AQ21: =if( AN21=1, if( AO21=1, if( AP21=1, 5, 3), if( AP21=1, 1, -3 ) ), if(AO21=1,if(AP21=1, -1, -2 ), if(AP21=1, 7, 0 ) ) ) -> 5 | AR21: 1 | AS21: =if(AO21=0,AQ21,AQ21*AR21) -> 5 | AW21: =if( AT21=1, if( AU21=1, if( AV21=1, 5, 3), if( AV21=1, 1, -3 ) ), if(AU21=1,if(AV21=1, -1, -2 ), if(AV21=1, 7, 0 ) ) ) -> 0 | AY21: =if(AU21=0,AW21,AW21*AX21) -> 0 | AZ21: 1 | BA21: 1 | BC21: =if( AZ21=1, if( BA21=1, if( BB21=1, 5, 3), if( BB21=1, 1, -3 ) ), if(BA21=1,if(BB21=1, -1, -2 ), if(BB21=1, 7, 0 ) ) ) -> 3 | BD21: 1 | BE21: =if(BA21=0,BC21,BC21*BD21) -> 3 | BF21: 1 | BG21: 1 | BH21: 1 | BI21: =if( BF21=1, if( BG21=1, if( BH21=1, 5, 3), if( BH21=1, 1, -3 ) ), if(BG21=1,if(BH21=1, -1, -2 ), if(BH21=1, 7, 0 ) ) ) -> 5 | BJ21: 1 | BK21: =if(BG21=0,BI21,BI21*BJ21) -> 5 | BL21: 1 | BM21: 1 | BN21: 1 | BO21: =if( BL21=1, if( BM21=1, if( BN21=1, 5, 3), if( BN21=1, 1, -3 ) ), if(BM21=1,if(BN21=1, -1, -2 ), if(BN21=1, 7, 0 ) ) ) -> 5 | BP21: 1 | BQ21: =if(BM21=0,BO21,BO21*BP21) -> 5 | BR21: 1 | BS21: 1 | BT21: 1 | BU21: =if( BR21=1, if( BS21=1, if( BT21=1, 5, 3), if( BT21=1, 1, -3 ) ), if(BS21=1,if(BT21=1, -1, -2 ), if(BT21=1, 7, 0 ) ) ) -> 5 | BV21: 1 | BW21: =if(BS21=0,BU21,BU21*BV21) -> 5 | BX21: 1 | BY21: 1 | BZ21: 1 | CA21: =if( BX21=1, if( BY21=1, if( BZ21=1, 5, 3), if( BZ21=1, 1, -3 ) ), if(BY21=1,if(BZ21=1, -1, -2 ), if(BZ21=1, 7, 0 ) ) ) -> 5 | CB21: 1 | CC21: =if(BY21=0,CA21,CA21*CB21) -> 5 | CD21: 1 | CE21: 1 | CF21: 1 | CG21: =if( CD21=1, if( CE21=1, if( CF21=1, 5, 3), if( CF21=1, 1, -3 ) ), if(CE21=1,if(CF21=1, -1, -2 ), if(CF21=1, 7, 0 ) ) ) -> 5 | CH21: 1 | CI21: =if(CE21=0,CG21,CG21*CH21) -> 5 | CJ21: 1 | CK21: 1 | CL21: 1 | CM21: =if( CJ21=1, if( CK21=1, if( CL21=1, 5, 3), if( CL21=1, 1, -3 ) ), if(CK21=1,if(CL21=1, -1, -2 ), if(CL21=1, 7, 0 ) ) ) -> 5 | CN21: 1 | CO21: =if(CK21=0,CM21,CM21*CN21) -> 5 | CP21: 1 | CQ21: 1 | CR21: 1 | CS21: =if( CP21=1, if( CQ21=1, if( CR21=1, 5, 3), if( CR21=1, 1, -3 ) ), if(CQ21=1,if(CR21=1, -1, -2 ), if(CR21=1, 7, 0 ) ) ) -> 5 | CT21: 1 | CU21: =if(CQ21=0,CS21,CS21*CT21) -> 5 | CV21: 1 | CW21: 1 | CY21: =if( CV21=1, if( CW21=1, if( CX21=1, 5, 3), if( CX21=1, 1, -3 ) ), if(CW21=1,if(CX21=1, -1, -2 ), if(CX21=1, 7, 0 ) ) ) -> 3 | CZ21: 1 | DA21: =if(CW21=0,CY21,CY21*CZ21) -> 3 | DE21: =if( DB21=1, if( DC21=1, if( DD21=1, 5, 3), if( DD21=1, 1, -3 ) ), if(DC21=1,if(DD21=1, -1, -2 ), if(DD21=1, 7, 0 ) ) ) -> 0 | DF21: 1 | DG21: =if(DC21=0,DE21,DE21*DF21) -> 0 | DK21: =if( DH21=1, if( DI21=1, if( DJ21=1, 5, 3), if( DJ21=1, 1, -3 ) ), if(DI21=1,if(DJ21=1, -1, -2 ), if(DJ21=1, 7, 0 ) ) ) -> 0 | DL21: 1 | DM21: =if(DI21=0,DK21,DK21*DL21) -> 0 | DQ21: =if( DN21=1, if( DO21=1, if( DP21=1, 5, 3), if( DP21=1, 1, -3 ) ), if(DO21=1,if(DP21=1, -1, -2 ), if(DP21=1, 7, 0 ) ) ) -> 0 | DR21: 1 | DS21: =if(DO21=0,DQ21,DQ21*DR21) -> 0 | DW21: =if( DT21=1, if( DU21=1, if( DV21=1, 5, 3), if( DV21=1, 1, -3 ) ), if(DU21=1,if(DV21=1, -1, -2 ), if(DV21=1, 7, 0 ) ) ) -> 0 | DX21: 1 | DY21: =if(DU21=0,DW21,DW21*DX21) -> 0 | EC21: =if( DZ21=1, if( EA21=1, if( EB21=1, 5, 3), if( EB21=1, 1, -3 ) ), if(EA21=1,if(EB21=1, -1, -2 ), if(EB21=1, 7, 0 ) ) ) -> 0 | ED21: 1 | EE21: =if(EA21=0,EC21,EC21*ED21) -> 0 | EI21: =if( EF21=1, if( EG21=1, if( EH21=1, 5, 3), if( EH21=1, 1, -3 ) ), if(EG21=1,if(EH21=1, -1, -2 ), if(EH21=1, 7, 0 ) ) ) -> 0 | EJ21: 1 | EK21: =if(EG21=0,EI21,EI21*EJ21) -> 0 | EO21: =if( EL21=1, if( EM21=1, if( EN21=1, 5, 3), if( EN21=1, 1, -3 ) ), if(EM21=1,if(EN21=1, -1, -2 ), if(EN21=1, 7, 0 ) ) ) -> 0 | EP21: 1 | EQ21: =if(EM21=0,EO21,EO21*EP21) -> 0 | EU21: =if( ER21=1, if( ES21=1, if( ET21=1, 5, 3), if( ET21=1, 1, -3 ) ), if(ES21=1,if(ET21=1, -1, -2 ), if(ET21=1, 7, 0 ) ) ) -> 0 | EV21: 1 | EW21: =if(ES21=0,EU21,EU21*EV21) -> 0 | FA21: =if( EX21=1, if( EY21=1, if( EZ21=1, 5, 3), if( EZ21=1, 1, -3 ) ), if(EY21=1,if(EZ21=1, -1, -2 ), if(EZ21=1, 7, 0 ) ) ) -> 0 | FB21: 1 | FC21: =if(EY21=0,FA21,FA21*FB21) -> 0 | FG21: =if( FD21=1, if( FE21=1, if( FF21=1, 5, 3), if( FF21=1, 1, -3 ) ), if(FE21=1,if(FF21=1, -1, -2 ), if(FF21=1, 7, 0 ) ) ) -> 0 | FH21: 1 | FI21: =if(FE21=0,FG21,FG21*FH21) -> 0 | FM21: =if( FJ21=1, if( FK21=1, if( FL21=1, 5, 3), if( FL21=1, 1, -3 ) ), if(FK21=1,if(FL21=1, -1, -2 ), if(FL21=1, 7, 0 ) ) ) -> 0 | FN21: 1 | FO21: =if(FK21=0,FM21,FM21*FN21) -> 0 | FS21: =if( FP21=1, if( FQ21=1, if( FR21=1, 5, 3), if( FR21=1, 1, -3 ) ), if(FQ21=1,if(FR21=1, -1, -2 ), if(FR21=1, 7, 0 ) ) ) -> 0 | FT21: 1 | FU21: =if(FQ21=0,FS21,FS21*FT21) -> 0 | FY21: =if( FV21=1, if( FW21=1, if( FX21=1, 5, 3), if( FX21=1, 1, -3 ) ), if(FW21=1,if(FX21=1, -1, -2 ), if(FX21=1, 7, 0 ) ) ) -> 0 | FZ21: 1 | GA21: =if(FW21=0,FY21,FY21*FZ21) -> 0 | GE21: =if( GB21=1, if( GC21=1, if( GD21=1, 5, 3), if( GD21=1, 1, -3 ) ), if(GC21=1,if(GD21=1, -1, -2 ), if(GD21=1, 7, 0 ) ) ) -> 0 | GF21: 1 | GG21: =if(GC21=0,GE21,GE21*GF21) -> 0 | GK21: =if( GH21=1, if( GI21=1, if( GJ21=1, 5, 3), if( GJ21=1, 1, -3 ) ), if(GI21=1,if(GJ21=1, -1, -2 ), if(GJ21=1, 7, 0 ) ) ) -> 0 | GL21: 1 | GM21: =if(GI21=0,GK21,GK21*GL21) -> 0 | GQ21: =if( GN21=1, if( GO21=1, if( GP21=1, 5, 3), if( GP21=1, 1, -3 ) ), if(GO21=1,if(GP21=1, -1, -2 ), if(GP21=1, 7, 0 ) ) ) -> 0 | GR21: 1 | GS21: =if(GO21=0,GQ21,GQ21*GR21) -> 0 | GW21: =if( GT21=1, if( GU21=1, if( GV21=1, 5, 3), if( GV21=1, 1, -3 ) ), if(GU21=1,if(GV21=1, -1, -2 ), if(GV21=1, 7, 0 ) ) ) -> 0 | GX21: 1 | GY21: =if(GU21=0,GW21,GW21*GX21) -> 0 | HC21: =if( GZ21=1, if( HA21=1, if( HB21=1, 5, 3), if( HB21=1, 1, -3 ) ), if(HA21=1,if(HB21=1, -1, -2 ), if(HB21=1, 7, 0 ) ) ) -> 0 | HD21: 1 | HE21: =if(HA21=0,HC21,HC21*HD21) -> 0 | HI21: =if( HF21=1, if( HG21=1, if( HH21=1, 5, 3), if( HH21=1, 1, -3 ) ), if(HG21=1,if(HH21=1, -1, -2 ), if(HH21=1, 7, 0 ) ) ) -> 0 | HJ21: 1 | HK21: =if(HG21=0,HI21,HI21*HJ21) -> 0 | HO21: =if( HL21=1, if( HM21=1, if( HN21=1, 5, 3), if( HN21=1, 1, -3 ) ), if(HM21=1,if(HN21=1, -1, -2 ), if(HN21=1, 7, 0 ) ) ) -> 0 | HP21: 1 | HQ21: =if(HM21=0,HO21,HO21*HP21) -> 0 | HU21: =if( HR21=1, if( HS21=1, if( HT21=1, 5, 3), if( HT21=1, 1, -3 ) ), if(HS21=1,if(HT21=1, -1, -2 ), if(HT21=1, 7, 0 ) ) ) -> 0 | HV21: 1 | HW21: =if(HS21=0,HU21,HU21*HV21) -> 0 | IA21: =if( HX21=1, if( HY21=1, if( HZ21=1, 5, 3), if( HZ21=1, 1, -3 ) ), if(HY21=1,if(HZ21=1, -1, -2 ), if(HZ21=1, 7, 0 ) ) ) -> 0 | IB21: 1 | IC21: =if(HY21=0,IA21,IA21*IB21) -> 0 | IG21: =if( ID21=1, if( IE21=1, if( IF21=1, 5, 3), if( IF21=1, 1, -3 ) ), if(IE21=1,if(IF21=1, -1, -2 ), if(IF21=1, 7, 0 ) ) ) -> 0 | IH21: 1 | II21: =if(IE21=0,IG21,IG21*IH21) -> 0 | IM21: =if( IJ21=1, if( IK21=1, if( IL21=1, 5, 3), if( IL21=1, 1, -3 ) ), if(IK21=1,if(IL21=1, -1, -2 ), if(IL21=1, 7, 0 ) ) ) -> 0 | IN21: 1 | IO21: =if(IK21=0,IM21,IM21*IN21) -> 0
A22: Andrew | B22: Rayo | C22: =countA($A$6:A22) -> 17 | D22: =VLOOKUP(A22,TDP!A:C,3,FALSE) -> 0.37 | E22: =(1+$D22)*sum($G22,$M22,$Q22,$U22,$AA22,$AG22,$AM22,$AS22,$AY22,$BE22,$BK22,$BQ22,$BW22,$CC22,$CI22,$CO22,$CU22,$DA22,$DG22,$DM22,$DS22,$DY22,$EE22,$EK22,$EQ22,$EW22,$FC22,$FI22,$FO22,$FU22,$GA22,$GG22,$GM22,$GS22,$GY22,$HE22,$HK22,$HQ22,$HW22,$IC22,$II22,$IO22) -> 86.31 | G22: =if(F22=1, 7, 0 ) -> 0 | J22: 1 | K22: =if( H22=1, if( I22=1, if( J22=1, 5, 3), if( J22=1, 1, -3 ) ), if(I22=1,if(J22=1, -1, -2 ), if(J22=1, 7, 0 ) ) ) -> 7 | M22: =if(I22=0,K22,K22*L22) -> 7 | Q22: =if( N22=1, if( O22=1, if( P22=1, 5, 3), if( P22=1, 1, -3 ) ), if(O22=1,if(P22=1, -1, -2 ), if(P22=1, 7, 0 ) ) ) -> 0 | U22: =if( R22=1, if( S22=1, if( T22=1, 5, 3), if( T22=1, 1, -3 ) ), if(S22=1,if(T22=1, -1, -2 ), if(T22=1, 7, 0 ) ) ) -> 0 | V22: 1 | W22: 1 | X22: 1 | Y22: =if( V22=1, if( W22=1, if( X22=1, 5, 3), if( X22=1, 1, -3 ) ), if(W22=1,if(X22=1, -1, -2 ), if(X22=1, 7, 0 ) ) ) -> 5 | Z22: 1 | AA22: =if(W22=0,Y22,Y22*Z22) -> 5 | AB22: 1 | AC22: 1 | AE22: =if( AB22=1, if( AC22=1, if( AD22=1, 5, 3), if( AD22=1, 1, -3 ) ), if(AC22=1,if(AD22=1, -1, -2 ), if(AD22=1, 7, 0 ) ) ) -> 3 | AF22: 1 | AG22: =if(AC22=0,AE22,AE22*AF22) -> 3 | AH22: 1 | AI22: 1 | AK22: =if( AH22=1, if( AI22=1, if( AJ22=1, 5, 3), if( AJ22=1, 1, -3 ) ), if(AI22=1,if(AJ22=1, -1, -2 ), if(AJ22=1, 7, 0 ) ) ) -> 3 | AL22: 1 | AM22: =if(AI22=0,AK22,AK22*AL22) -> 3 | AN22: 1 | AO22: 1 | AP22: 1 | AQ22: =if( AN22=1, if( AO22=1, if( AP22=1, 5, 3), if( AP22=1, 1, -3 ) ), if(AO22=1,if(AP22=1, -1, -2 ), if(AP22=1, 7, 0 ) ) ) -> 5 | AR22: 1 | AS22: =if(AO22=0,AQ22,AQ22*AR22) -> 5 | AT22: 1 | AU22: 1 | AW22: =if( AT22=1, if( AU22=1, if( AV22=1, 5, 3), if( AV22=1, 1, -3 ) ), if(AU22=1,if(AV22=1, -1, -2 ), if(AV22=1, 7, 0 ) ) ) -> 3 | AX22: 1 | AY22: =if(AU22=0,AW22,AW22*AX22) -> 3 | BC22: =if( AZ22=1, if( BA22=1, if( BB22=1, 5, 3), if( BB22=1, 1, -3 ) ), if(BA22=1,if(BB22=1, -1, -2 ), if(BB22=1, 7, 0 ) ) ) -> 0 | BE22: =if(BA22=0,BC22,BC22*BD22) -> 0 | BF22: 1 | BG22: 1 | BI22: =if( BF22=1, if( BG22=1, if( BH22=1, 5, 3), if( BH22=1, 1, -3 ) ), if(BG22=1,if(BH22=1, -1, -2 ), if(BH22=1, 7, 0 ) ) ) -> 3 | BJ22: 1 | BK22: =if(BG22=0,BI22,BI22*BJ22) -> 3 | BO22: =if( BL22=1, if( BM22=1, if( BN22=1, 5, 3), if( BN22=1, 1, -3 ) ), if(BM22=1,if(BN22=1, -1, -2 ), if(BN22=1, 7, 0 ) ) ) -> 0 | BQ22: =if(BM22=0,BO22,BO22*BP22) -> 0 | BU22: =if( BR22=1, if( BS22=1, if( BT22=1, 5, 3), if( BT22=1, 1, -3 ) ), if(BS22=1,if(BT22=1, -1, -2 ), if(BT22=1, 7, 0 ) ) ) -> 0 | BW22: =if(BS22=0,BU22,BU22*BV22) -> 0 | BX22: 1 | BY22: 1 | BZ22: 1 | CA22: =if( BX22=1, if( BY22=1, if( BZ22=1, 5, 3), if( BZ22=1, 1, -3 ) ), if(BY22=1,if(BZ22=1, -1, -2 ), if(BZ22=1, 7, 0 ) ) ) -> 5 | CB22: 1 | CC22: =if(BY22=0,CA22,CA22*CB22) -> 5 | CD22: 1 | CE22: 1 | CF22: 1 | CG22: =if( CD22=1, if( CE22=1, if( CF22=1, 5, 3), if( CF22=1, 1, -3 ) ), if(CE22=1,if(CF22=1, -1, -2 ), if(CF22=1, 7, 0 ) ) ) -> 5 | CH22: 1 | CI22: =if(CE22=0,CG22,CG22*CH22) -> 5 | CJ22: 1 | CK22: 1 | CM22: =if( CJ22=1, if( CK22=1, if( CL22=1, 5, 3), if( CL22=1, 1, -3 ) ), if(CK22=1,if(CL22=1, -1, -2 ), if(CL22=1, 7, 0 ) ) ) -> 3 | CN22: 1 | CO22: =if(CK22=0,CM22,CM22*CN22) -> 3 | CP22: 1 | CQ22: 1 | CS22: =if( CP22=1, if( CQ22=1, if( CR22=1, 5, 3), if( CR22=1, 1, -3 ) ), if(CQ22=1,if(CR22=1, -1, -2 ), if(CR22=1, 7, 0 ) ) ) -> 3 | CT22: 1 | CU22: =if(CQ22=0,CS22,CS22*CT22) -> 3 | CV22: 1 | CW22: 1 | CY22: =if( CV22=1, if( CW22=1, if( CX22=1, 5, 3), if( CX22=1, 1, -3 ) ), if(CW22=1,if(CX22=1, -1, -2 ), if(CX22=1, 7, 0 ) ) ) -> 3 | CZ22: 1 | DA22: =if(CW22=0,CY22,CY22*CZ22) -> 3 | DB22: 1 | DC22: 1 | DE22: =if( DB22=1, if( DC22=1, if( DD22=1, 5, 3), if( DD22=1, 1, -3 ) ), if(DC22=1,if(DD22=1, -1, -2 ), if(DD22=1, 7, 0 ) ) ) -> 3 | DF22: 1 | DG22: =if(DC22=0,DE22,DE22*DF22) -> 3 | DH22: 1 | DI22: 1 | DK22: =if( DH22=1, if( DI22=1, if( DJ22=1, 5, 3), if( DJ22=1, 1, -3 ) ), if(DI22=1,if(DJ22=1, -1, -2 ), if(DJ22=1, 7, 0 ) ) ) -> 3 | DL22: 1 | DM22: =if(DI22=0,DK22,DK22*DL22) -> 3 | DQ22: =if( DN22=1, if( DO22=1, if( DP22=1, 5, 3), if( DP22=1, 1, -3 ) ), if(DO22=1,if(DP22=1, -1, -2 ), if(DP22=1, 7, 0 ) ) ) -> 0 | DR22: 1 | DS22: =if(DO22=0,DQ22,DQ22*DR22) -> 0 | DT22: 1 | DU22: 1 | DW22: =if( DT22=1, if( DU22=1, if( DV22=1, 5, 3), if( DV22=1, 1, -3 ) ), if(DU22=1,if(DV22=1, -1, -2 ), if(DV22=1, 7, 0 ) ) ) -> 3 | DX22: 1 | DY22: =if(DU22=0,DW22,DW22*DX22) -> 3 | DZ22: 1 | EA22: 1 | EC22: =if( DZ22=1, if( EA22=1, if( EB22=1, 5, 3), if( EB22=1, 1, -3 ) ), if(EA22=1,if(EB22=1, -1, -2 ), if(EB22=1, 7, 0 ) ) ) -> 3 | ED22: 1 | EE22: =if(EA22=0,EC22,EC22*ED22) -> 3 | EI22: =if( EF22=1, if( EG22=1, if( EH22=1, 5, 3), if( EH22=1, 1, -3 ) ), if(EG22=1,if(EH22=1, -1, -2 ), if(EH22=1, 7, 0 ) ) ) -> 0 | EJ22: 1 | EK22: =if(EG22=0,EI22,EI22*EJ22) -> 0 | EL22: 1 | EM22: 1 | EO22: =if( EL22=1, if( EM22=1, if( EN22=1, 5, 3), if( EN22=1, 1, -3 ) ), if(EM22=1,if(EN22=1, -1, -2 ), if(EN22=1, 7, 0 ) ) ) -> 3 | EP22: 1 | EQ22: =if(EM22=0,EO22,EO22*EP22) -> 3 | EU22: =if( ER22=1, if( ES22=1, if( ET22=1, 5, 3), if( ET22=1, 1, -3 ) ), if(ES22=1,if(ET22=1, -1, -2 ), if(ET22=1, 7, 0 ) ) ) -> 0 | EV22: 1 | EW22: =if(ES22=0,EU22,EU22*EV22) -> 0 | FA22: =if( EX22=1, if( EY22=1, if( EZ22=1, 5, 3), if( EZ22=1, 1, -3 ) ), if(EY22=1,if(EZ22=1, -1, -2 ), if(EZ22=1, 7, 0 ) ) ) -> 0 | FB22: 1 | FC22: =if(EY22=0,FA22,FA22*FB22) -> 0 | FG22: =if( FD22=1, if( FE22=1, if( FF22=1, 5, 3), if( FF22=1, 1, -3 ) ), if(FE22=1,if(FF22=1, -1, -2 ), if(FF22=1, 7, 0 ) ) ) -> 0 | FH22: 1 | FI22: =if(FE22=0,FG22,FG22*FH22) -> 0 | FM22: =if( FJ22=1, if( FK22=1, if( FL22=1, 5, 3), if( FL22=1, 1, -3 ) ), if(FK22=1,if(FL22=1, -1, -2 ), if(FL22=1, 7, 0 ) ) ) -> 0 | FN22: 1 | FO22: =if(FK22=0,FM22,FM22*FN22) -> 0 | FS22: =if( FP22=1, if( FQ22=1, if( FR22=1, 5, 3), if( FR22=1, 1, -3 ) ), if(FQ22=1,if(FR22=1, -1, -2 ), if(FR22=1, 7, 0 ) ) ) -> 0 | FT22: 1 | FU22: =if(FQ22=0,FS22,FS22*FT22) -> 0 | FY22: =if( FV22=1, if( FW22=1, if( FX22=1, 5, 3), if( FX22=1, 1, -3 ) ), if(FW22=1,if(FX22=1, -1, -2 ), if(FX22=1, 7, 0 ) ) ) -> 0 | FZ22: 1 | GA22: =if(FW22=0,FY22,FY22*FZ22) -> 0 | GE22: =if( GB22=1, if( GC22=1, if( GD22=1, 5, 3), if( GD22=1, 1, -3 ) ), if(GC22=1,if(GD22=1, -1, -2 ), if(GD22=1, 7, 0 ) ) ) -> 0 | GF22: 1 | GG22: =if(GC22=0,GE22,GE22*GF22) -> 0 | GK22: =if( GH22=1, if( GI22=1, if( GJ22=1, 5, 3), if( GJ22=1, 1, -3 ) ), if(GI22=1,if(GJ22=1, -1, -2 ), if(GJ22=1, 7, 0 ) ) ) -> 0 | GL22: 1 | GM22: =if(GI22=0,GK22,GK22*GL22) -> 0 | GQ22: =if( GN22=1, if( GO22=1, if( GP22=1, 5, 3), if( GP22=1, 1, -3 ) ), if(GO22=1,if(GP22=1, -1, -2 ), if(GP22=1, 7, 0 ) ) ) -> 0 | GR22: 1 | GS22: =if(GO22=0,GQ22,GQ22*GR22) -> 0 | GW22: =if( GT22=1, if( GU22=1, if( GV22=1, 5, 3), if( GV22=1, 1, -3 ) ), if(GU22=1,if(GV22=1, -1, -2 ), if(GV22=1, 7, 0 ) ) ) -> 0 | GX22: 1 | GY22: =if(GU22=0,GW22,GW22*GX22) -> 0 | HC22: =if( GZ22=1, if( HA22=1, if( HB22=1, 5, 3), if( HB22=1, 1, -3 ) ), if(HA22=1,if(HB22=1, -1, -2 ), if(HB22=1, 7, 0 ) ) ) -> 0 | HD22: 1 | HE22: =if(HA22=0,HC22,HC22*HD22) -> 0 | HI22: =if( HF22=1, if( HG22=1, if( HH22=1, 5, 3), if( HH22=1, 1, -3 ) ), if(HG22=1,if(HH22=1, -1, -2 ), if(HH22=1, 7, 0 ) ) ) -> 0 | HJ22: 1 | HK22: =if(HG22=0,HI22,HI22*HJ22) -> 0 | HO22: =if( HL22=1, if( HM22=1, if( HN22=1, 5, 3), if( HN22=1, 1, -3 ) ), if(HM22=1,if(HN22=1, -1, -2 ), if(HN22=1, 7, 0 ) ) ) -> 0 | HP22: 1 | HQ22: =if(HM22=0,HO22,HO22*HP22) -> 0 | HU22: =if( HR22=1, if( HS22=1, if( HT22=1, 5, 3), if( HT22=1, 1, -3 ) ), if(HS22=1,if(HT22=1, -1, -2 ), if(HT22=1, 7, 0 ) ) ) -> 0 | HV22: 1 | HW22: =if(HS22=0,HU22,HU22*HV22) -> 0 | IA22: =if( HX22=1, if( HY22=1, if( HZ22=1, 5, 3), if( HZ22=1, 1, -3 ) ), if(HY22=1,if(HZ22=1, -1, -2 ), if(HZ22=1, 7, 0 ) ) ) -> 0 | IB22: 1 | IC22: =if(HY22=0,IA22,IA22*IB22) -> 0 | IG22: =if( ID22=1, if( IE22=1, if( IF22=1, 5, 3), if( IF22=1, 1, -3 ) ), if(IE22=1,if(IF22=1, -1, -2 ), if(IF22=1, 7, 0 ) ) ) -> 0 | IH22: 1 | II22: =if(IE22=0,IG22,IG22*IH22) -> 0 | IM22: =if( IJ22=1, if( IK22=1, if( IL22=1, 5, 3), if( IL22=1, 1, -3 ) ), if(IK22=1,if(IL22=1, -1, -2 ), if(IL22=1, 7, 0 ) ) ) -> 0 | IN22: 1 | IO22: =if(IK22=0,IM22,IM22*IN22) -> 0
A23: Daniel | B23: Patito 2 | C23: =countA($A$6:A23) -> 18 | D23: =VLOOKUP(A23,TDP!A:C,3,FALSE) -> 0.18 | E23: =(1+$D23)*sum($G23,$M23,$Q23,$U23,$AA23,$AG23,$AM23,$AS23,$AY23,$BE23,$BK23,$BQ23,$BW23,$CC23,$CI23,$CO23,$CU23,$DA23,$DG23,$DM23,$DS23,$DY23,$EE23,$EK23,$EQ23,$EW23,$FC23,$FI23,$FO23,$FU23,$GA23,$GG23,$GM23,$GS23,$GY23,$HE23,$HK23,$HQ23,$HW23,$IC23,$II23,$IO23) -> 61.36 | G23: =if(F23=1, 7, 0 ) -> 0 | K23: =if( H23=1, if( I23=1, if( J23=1, 5, 3), if( J23=1, 1, -3 ) ), if(I23=1,if(J23=1, -1, -2 ), if(J23=1, 7, 0 ) ) ) -> 0 | M23: =if(I23=0,K23,K23*L23) -> 0 | Q23: =if( N23=1, if( O23=1, if( P23=1, 5, 3), if( P23=1, 1, -3 ) ), if(O23=1,if(P23=1, -1, -2 ), if(P23=1, 7, 0 ) ) ) -> 0 | U23: =if( R23=1, if( S23=1, if( T23=1, 5, 3), if( T23=1, 1, -3 ) ), if(S23=1,if(T23=1, -1, -2 ), if(T23=1, 7, 0 ) ) ) -> 0 | Y23: =if( V23=1, if( W23=1, if( X23=1, 5, 3), if( X23=1, 1, -3 ) ), if(W23=1,if(X23=1, -1, -2 ), if(X23=1, 7, 0 ) ) ) -> 0 | AA23: =if(W23=0,Y23,Y23*Z23) -> 0 | AE23: =if( AB23=1, if( AC23=1, if( AD23=1, 5, 3), if( AD23=1, 1, -3 ) ), if(AC23=1,if(AD23=1, -1, -2 ), if(AD23=1, 7, 0 ) ) ) -> 0 | AG23: =if(AC23=0,AE23,AE23*AF23) -> 0 | AK23: =if( AH23=1, if( AI23=1, if( AJ23=1, 5, 3), if( AJ23=1, 1, -3 ) ), if(AI23=1,if(AJ23=1, -1, -2 ), if(AJ23=1, 7, 0 ) ) ) -> 0 | AM23: =if(AI23=0,AK23,AK23*AL23) -> 0 | AQ23: =if( AN23=1, if( AO23=1, if( AP23=1, 5, 3), if( AP23=1, 1, -3 ) ), if(AO23=1,if(AP23=1, -1, -2 ), if(AP23=1, 7, 0 ) ) ) -> 0 | AS23: =if(AO23=0,AQ23,AQ23*AR23) -> 0 | AW23: =if( AT23=1, if( AU23=1, if( AV23=1, 5, 3), if( AV23=1, 1, -3 ) ), if(AU23=1,if(AV23=1, -1, -2 ), if(AV23=1, 7, 0 ) ) ) -> 0 | AY23: =if(AU23=0,AW23,AW23*AX23) -> 0 | BC23: =if( AZ23=1, if( BA23=1, if( BB23=1, 5, 3), if( BB23=1, 1, -3 ) ), if(BA23=1,if(BB23=1, -1, -2 ), if(BB23=1, 7, 0 ) ) ) -> 0 | BE23: =if(BA23=0,BC23,BC23*BD23) -> 0 | BI23: =if( BF23=1, if( BG23=1, if( BH23=1, 5, 3), if( BH23=1, 1, -3 ) ), if(BG23=1,if(BH23=1, -1, -2 ), if(BH23=1, 7, 0 ) ) ) -> 0 | BK23: =if(BG23=0,BI23,BI23*BJ23) -> 0 | BO23: =if( BL23=1, if( BM23=1, if( BN23=1, 5, 3), if( BN23=1, 1, -3 ) ), if(BM23=1,if(BN23=1, -1, -2 ), if(BN23=1, 7, 0 ) ) ) -> 0 | BQ23: =if(BM23=0,BO23,BO23*BP23) -> 0 | BU23: =if( BR23=1, if( BS23=1, if( BT23=1, 5, 3), if( BT23=1, 1, -3 ) ), if(BS23=1,if(BT23=1, -1, -2 ), if(BT23=1, 7, 0 ) ) ) -> 0 | BW23: =if(BS23=0,BU23,BU23*BV23) -> 0 | CA23: =if( BX23=1, if( BY23=1, if( BZ23=1, 5, 3), if( BZ23=1, 1, -3 ) ), if(BY23=1,if(BZ23=1, -1, -2 ), if(BZ23=1, 7, 0 ) ) ) -> 0 | CC23: =if(BY23=0,CA23,CA23*CB23) -> 0 | CG23: =if( CD23=1, if( CE23=1, if( CF23=1, 5, 3), if( CF23=1, 1, -3 ) ), if(CE23=1,if(CF23=1, -1, -2 ), if(CF23=1, 7, 0 ) ) ) -> 0 | CI23: =if(CE23=0,CG23,CG23*CH23) -> 0 | CM23: =if( CJ23=1, if( CK23=1, if( CL23=1, 5, 3), if( CL23=1, 1, -3 ) ), if(CK23=1,if(CL23=1, -1, -2 ), if(CL23=1, 7, 0 ) ) ) -> 0 | CO23: =if(CK23=0,CM23,CM23*CN23) -> 0 | CS23: =if( CP23=1, if( CQ23=1, if( CR23=1, 5, 3), if( CR23=1, 1, -3 ) ), if(CQ23=1,if(CR23=1, -1, -2 ), if(CR23=1, 7, 0 ) ) ) -> 0 | CU23: =if(CQ23=0,CS23,CS23*CT23) -> 0 | CV23: 1 | CW23: 1 | CX23: 1 | CY23: =if( CV23=1, if( CW23=1, if( CX23=1, 5, 3), if( CX23=1, 1, -3 ) ), if(CW23=1,if(CX23=1, -1, -2 ), if(CX23=1, 7, 0 ) ) ) -> 5 | CZ23: 1 | DA23: =if(CW23=0,CY23,CY23*CZ23) -> 5 | DB23: 1 | DC23: 1 | DD23: 1 | DE23: =if( DB23=1, if( DC23=1, if( DD23=1, 5, 3), if( DD23=1, 1, -3 ) ), if(DC23=1,if(DD23=1, -1, -2 ), if(DD23=1, 7, 0 ) ) ) -> 5 | DF23: 1 | DG23: =if(DC23=0,DE23,DE23*DF23) -> 5 | DH23: 1 | DI23: 1 | DJ23: 1 | DK23: =if( DH23=1, if( DI23=1, if( DJ23=1, 5, 3), if( DJ23=1, 1, -3 ) ), if(DI23=1,if(DJ23=1, -1, -2 ), if(DJ23=1, 7, 0 ) ) ) -> 5 | DL23: 1 | DM23: =if(DI23=0,DK23,DK23*DL23) -> 5 | DN23: 1 | DO23: 1 | DP23: 1 | DQ23: =if( DN23=1, if( DO23=1, if( DP23=1, 5, 3), if( DP23=1, 1, -3 ) ), if(DO23=1,if(DP23=1, -1, -2 ), if(DP23=1, 7, 0 ) ) ) -> 5 | DR23: 1 | DS23: =if(DO23=0,DQ23,DQ23*DR23) -> 5 | DT23: 1 | DU23: 1 | DV23: 1 | DW23: =if( DT23=1, if( DU23=1, if( DV23=1, 5, 3), if( DV23=1, 1, -3 ) ), if(DU23=1,if(DV23=1, -1, -2 ), if(DV23=1, 7, 0 ) ) ) -> 5 | DX23: 1 | DY23: =if(DU23=0,DW23,DW23*DX23) -> 5 | EC23: =if( DZ23=1, if( EA23=1, if( EB23=1, 5, 3), if( EB23=1, 1, -3 ) ), if(EA23=1,if(EB23=1, -1, -2 ), if(EB23=1, 7, 0 ) ) ) -> 0 | ED23: 1 | EE23: =if(EA23=0,EC23,EC23*ED23) -> 0 | EF23: 1 | EG23: 1 | EI23: =if( EF23=1, if( EG23=1, if( EH23=1, 5, 3), if( EH23=1, 1, -3 ) ), if(EG23=1,if(EH23=1, -1, -2 ), if(EH23=1, 7, 0 ) ) ) -> 3 | EJ23: 1 | EK23: =if(EG23=0,EI23,EI23*EJ23) -> 3 | EL23: 1 | EM23: 1 | EO23: =if( EL23=1, if( EM23=1, if( EN23=1, 5, 3), if( EN23=1, 1, -3 ) ), if(EM23=1,if(EN23=1, -1, -2 ), if(EN23=1, 7, 0 ) ) ) -> 3 | EP23: 1 | EQ23: =if(EM23=0,EO23,EO23*EP23) -> 3 | ER23: 1 | ES23: 1 | EU23: =if( ER23=1, if( ES23=1, if( ET23=1, 5, 3), if( ET23=1, 1, -3 ) ), if(ES23=1,if(ET23=1, -1, -2 ), if(ET23=1, 7, 0 ) ) ) -> 3 | EV23: 1 | EW23: =if(ES23=0,EU23,EU23*EV23) -> 3 | EX23: 1 | EY23: 1 | FA23: =if( EX23=1, if( EY23=1, if( EZ23=1, 5, 3), if( EZ23=1, 1, -3 ) ), if(EY23=1,if(EZ23=1, -1, -2 ), if(EZ23=1, 7, 0 ) ) ) -> 3 | FB23: 1 | FC23: =if(EY23=0,FA23,FA23*FB23) -> 3 | FG23: =if( FD23=1, if( FE23=1, if( FF23=1, 5, 3), if( FF23=1, 1, -3 ) ), if(FE23=1,if(FF23=1, -1, -2 ), if(FF23=1, 7, 0 ) ) ) -> 0 | FH23: 1 | FI23: =if(FE23=0,FG23,FG23*FH23) -> 0 | FM23: =if( FJ23=1, if( FK23=1, if( FL23=1, 5, 3), if( FL23=1, 1, -3 ) ), if(FK23=1,if(FL23=1, -1, -2 ), if(FL23=1, 7, 0 ) ) ) -> 0 | FN23: 1 | FO23: =if(FK23=0,FM23,FM23*FN23) -> 0 | FP23: 1 | FQ23: 1 | FS23: =if( FP23=1, if( FQ23=1, if( FR23=1, 5, 3), if( FR23=1, 1, -3 ) ), if(FQ23=1,if(FR23=1, -1, -2 ), if(FR23=1, 7, 0 ) ) ) -> 3 | FT23: 1 | FU23: =if(FQ23=0,FS23,FS23*FT23) -> 3 | FV23: 1 | FW23: 1 | FY23: =if( FV23=1, if( FW23=1, if( FX23=1, 5, 3), if( FX23=1, 1, -3 ) ), if(FW23=1,if(FX23=1, -1, -2 ), if(FX23=1, 7, 0 ) ) ) -> 3 | FZ23: 1 | GA23: =if(FW23=0,FY23,FY23*FZ23) -> 3 | GB23: 1 | GC23: 1 | GE23: =if( GB23=1, if( GC23=1, if( GD23=1, 5, 3), if( GD23=1, 1, -3 ) ), if(GC23=1,if(GD23=1, -1, -2 ), if(GD23=1, 7, 0 ) ) ) -> 3 | GF23: 1 | GG23: =if(GC23=0,GE23,GE23*GF23) -> 3 | GH23: 1 | GI23: 1 | GK23: =if( GH23=1, if( GI23=1, if( GJ23=1, 5, 3), if( GJ23=1, 1, -3 ) ), if(GI23=1,if(GJ23=1, -1, -2 ), if(GJ23=1, 7, 0 ) ) ) -> 3 | GL23: 1 | GM23: =if(GI23=0,GK23,GK23*GL23) -> 3 | GQ23: =if( GN23=1, if( GO23=1, if( GP23=1, 5, 3), if( GP23=1, 1, -3 ) ), if(GO23=1,if(GP23=1, -1, -2 ), if(GP23=1, 7, 0 ) ) ) -> 0 | GR23: 1 | GS23: =if(GO23=0,GQ23,GQ23*GR23) -> 0 | GT23: 1 | GU23: 1 | GW23: =if( GT23=1, if( GU23=1, if( GV23=1, 5, 3), if( GV23=1, 1, -3 ) ), if(GU23=1,if(GV23=1, -1, -2 ), if(GV23=1, 7, 0 ) ) ) -> 3 | GX23: 1 | GY23: =if(GU23=0,GW23,GW23*GX23) -> 3 | HC23: =if( GZ23=1, if( HA23=1, if( HB23=1, 5, 3), if( HB23=1, 1, -3 ) ), if(HA23=1,if(HB23=1, -1, -2 ), if(HB23=1, 7, 0 ) ) ) -> 0 | HD23: 1 | HE23: =if(HA23=0,HC23,HC23*HD23) -> 0 | HI23: =if( HF23=1, if( HG23=1, if( HH23=1, 5, 3), if( HH23=1, 1, -3 ) ), if(HG23=1,if(HH23=1, -1, -2 ), if(HH23=1, 7, 0 ) ) ) -> 0 | HJ23: 1 | HK23: =if(HG23=0,HI23,HI23*HJ23) -> 0 | HO23: =if( HL23=1, if( HM23=1, if( HN23=1, 5, 3), if( HN23=1, 1, -3 ) ), if(HM23=1,if(HN23=1, -1, -2 ), if(HN23=1, 7, 0 ) ) ) -> 0 | HP23: 1 | HQ23: =if(HM23=0,HO23,HO23*HP23) -> 0 | HU23: =if( HR23=1, if( HS23=1, if( HT23=1, 5, 3), if( HT23=1, 1, -3 ) ), if(HS23=1,if(HT23=1, -1, -2 ), if(HT23=1, 7, 0 ) ) ) -> 0 | HV23: 1 | HW23: =if(HS23=0,HU23,HU23*HV23) -> 0 | IA23: =if( HX23=1, if( HY23=1, if( HZ23=1, 5, 3), if( HZ23=1, 1, -3 ) ), if(HY23=1,if(HZ23=1, -1, -2 ), if(HZ23=1, 7, 0 ) ) ) -> 0 | IB23: 1 | IC23: =if(HY23=0,IA23,IA23*IB23) -> 0 | IG23: =if( ID23=1, if( IE23=1, if( IF23=1, 5, 3), if( IF23=1, 1, -3 ) ), if(IE23=1,if(IF23=1, -1, -2 ), if(IF23=1, 7, 0 ) ) ) -> 0 | IH23: 1 | II23: =if(IE23=0,IG23,IG23*IH23) -> 0 | IM23: =if( IJ23=1, if( IK23=1, if( IL23=1, 5, 3), if( IL23=1, 1, -3 ) ), if(IK23=1,if(IL23=1, -1, -2 ), if(IL23=1, 7, 0 ) ) ) -> 0 | IN23: 1 | IO23: =if(IK23=0,IM23,IM23*IN23) -> 0
A24: Luciano | B24: Bolivar | C24: =countA($A$6:A24) -> 19 | D24: =VLOOKUP(A24,TDP!A:C,3,FALSE) -> 0.19 | E24: =(1+$D24)*sum($G24,$M24,$Q24,$U24,$AA24,$AG24,$AM24,$AS24,$AY24,$BE24,$BK24,$BQ24,$BW24,$CC24,$CI24,$CO24,$CU24,$DA24,$DG24,$DM24,$DS24,$DY24,$EE24,$EK24,$EQ24,$EW24,$FC24,$FI24,$FO24,$FU24,$GA24,$GG24,$GM24,$GS24,$GY24,$HE24,$HK24,$HQ24,$HW24,$IC24,$II24,$IO24) -> 39.27 | G24: =if(F24=1, 7, 0 ) -> 0 | K24: =if( H24=1, if( I24=1, if( J24=1, 5, 3), if( J24=1, 1, -3 ) ), if(I24=1,if(J24=1, -1, -2 ), if(J24=1, 7, 0 ) ) ) -> 0 | M24: =if(I24=0,K24,K24*L24) -> 0 | Q24: =if( N24=1, if( O24=1, if( P24=1, 5, 3), if( P24=1, 1, -3 ) ), if(O24=1,if(P24=1, -1, -2 ), if(P24=1, 7, 0 ) ) ) -> 0 | U24: =if( R24=1, if( S24=1, if( T24=1, 5, 3), if( T24=1, 1, -3 ) ), if(S24=1,if(T24=1, -1, -2 ), if(T24=1, 7, 0 ) ) ) -> 0 | Y24: =if( V24=1, if( W24=1, if( X24=1, 5, 3), if( X24=1, 1, -3 ) ), if(W24=1,if(X24=1, -1, -2 ), if(X24=1, 7, 0 ) ) ) -> 0 | AA24: =if(W24=0,Y24,Y24*Z24) -> 0 | AE24: =if( AB24=1, if( AC24=1, if( AD24=1, 5, 3), if( AD24=1, 1, -3 ) ), if(AC24=1,if(AD24=1, -1, -2 ), if(AD24=1, 7, 0 ) ) ) -> 0 | AG24: =if(AC24=0,AE24,AE24*AF24) -> 0 | AK24: =if( AH24=1, if( AI24=1, if( AJ24=1, 5, 3), if( AJ24=1, 1, -3 ) ), if(AI24=1,if(AJ24=1, -1, -2 ), if(AJ24=1, 7, 0 ) ) ) -> 0 | AM24: =if(AI24=0,AK24,AK24*AL24) -> 0 | AQ24: =if( AN24=1, if( AO24=1, if( AP24=1, 5, 3), if( AP24=1, 1, -3 ) ), if(AO24=1,if(AP24=1, -1, -2 ), if(AP24=1, 7, 0 ) ) ) -> 0 | AS24: =if(AO24=0,AQ24,AQ24*AR24) -> 0 | AW24: =if( AT24=1, if( AU24=1, if( AV24=1, 5, 3), if( AV24=1, 1, -3 ) ), if(AU24=1,if(AV24=1, -1, -2 ), if(AV24=1, 7, 0 ) ) ) -> 0 | AY24: =if(AU24=0,AW24,AW24*AX24) -> 0 | BC24: =if( AZ24=1, if( BA24=1, if( BB24=1, 5, 3), if( BB24=1, 1, -3 ) ), if(BA24=1,if(BB24=1, -1, -2 ), if(BB24=1, 7, 0 ) ) ) -> 0 | BE24: =if(BA24=0,BC24,BC24*BD24) -> 0 | BI24: =if( BF24=1, if( BG24=1, if( BH24=1, 5, 3), if( BH24=1, 1, -3 ) ), if(BG24=1,if(BH24=1, -1, -2 ), if(BH24=1, 7, 0 ) ) ) -> 0 | BK24: =if(BG24=0,BI24,BI24*BJ24) -> 0 | BO24: =if( BL24=1, if( BM24=1, if( BN24=1, 5, 3), if( BN24=1, 1, -3 ) ), if(BM24=1,if(BN24=1, -1, -2 ), if(BN24=1, 7, 0 ) ) ) -> 0 | BQ24: =if(BM24=0,BO24,BO24*BP24) -> 0 | BU24: =if( BR24=1, if( BS24=1, if( BT24=1, 5, 3), if( BT24=1, 1, -3 ) ), if(BS24=1,if(BT24=1, -1, -2 ), if(BT24=1, 7, 0 ) ) ) -> 0 | BW24: =if(BS24=0,BU24,BU24*BV24) -> 0 | CA24: =if( BX24=1, if( BY24=1, if( BZ24=1, 5, 3), if( BZ24=1, 1, -3 ) ), if(BY24=1,if(BZ24=1, -1, -2 ), if(BZ24=1, 7, 0 ) ) ) -> 0 | CC24: =if(BY24=0,CA24,CA24*CB24) -> 0 | CG24: =if( CD24=1, if( CE24=1, if( CF24=1, 5, 3), if( CF24=1, 1, -3 ) ), if(CE24=1,if(CF24=1, -1, -2 ), if(CF24=1, 7, 0 ) ) ) -> 0 | CI24: =if(CE24=0,CG24,CG24*CH24) -> 0 | CM24: =if( CJ24=1, if( CK24=1, if( CL24=1, 5, 3), if( CL24=1, 1, -3 ) ), if(CK24=1,if(CL24=1, -1, -2 ), if(CL24=1, 7, 0 ) ) ) -> 0 | CO24: =if(CK24=0,CM24,CM24*CN24) -> 0 | CS24: =if( CP24=1, if( CQ24=1, if( CR24=1, 5, 3), if( CR24=1, 1, -3 ) ), if(CQ24=1,if(CR24=1, -1, -2 ), if(CR24=1, 7, 0 ) ) ) -> 0 | CU24: =if(CQ24=0,CS24,CS24*CT24) -> 0 | CY24: =if( CV24=1, if( CW24=1, if( CX24=1, 5, 3), if( CX24=1, 1, -3 ) ), if(CW24=1,if(CX24=1, -1, -2 ), if(CX24=1, 7, 0 ) ) ) -> 0 | DA24: =if(CW24=0,CY24,CY24*CZ24) -> 0 | DB24: 1 | DC24: 1 | DD24: 1 | DE24: =if( DB24=1, if( DC24=1, if( DD24=1, 5, 3), if( DD24=1, 1, -3 ) ), if(DC24=1,if(DD24=1, -1, -2 ), if(DD24=1, 7, 0 ) ) ) -> 5 | DF24: 1 | DG24: =if(DC24=0,DE24,DE24*DF24) -> 5 | DH24: 1 | DI24: 1 | DJ24: 1 | DK24: =if( DH24=1, if( DI24=1, if( DJ24=1, 5, 3), if( DJ24=1, 1, -3 ) ), if(DI24=1,if(DJ24=1, -1, -2 ), if(DJ24=1, 7, 0 ) ) ) -> 5 | DL24: 1 | DM24: =if(DI24=0,DK24,DK24*DL24) -> 5 | DN24: 1 | DO24: 1 | DP24: 1 | DQ24: =if( DN24=1, if( DO24=1, if( DP24=1, 5, 3), if( DP24=1, 1, -3 ) ), if(DO24=1,if(DP24=1, -1, -2 ), if(DP24=1, 7, 0 ) ) ) -> 5 | DR24: 1 | DS24: =if(DO24=0,DQ24,DQ24*DR24) -> 5 | DT24: 1 | DU24: 1 | DV24: 1 | DW24: =if( DT24=1, if( DU24=1, if( DV24=1, 5, 3), if( DV24=1, 1, -3 ) ), if(DU24=1,if(DV24=1, -1, -2 ), if(DV24=1, 7, 0 ) ) ) -> 5 | DX24: 1 | DY24: =if(DU24=0,DW24,DW24*DX24) -> 5 | EC24: =if( DZ24=1, if( EA24=1, if( EB24=1, 5, 3), if( EB24=1, 1, -3 ) ), if(EA24=1,if(EB24=1, -1, -2 ), if(EB24=1, 7, 0 ) ) ) -> 0 | ED24: 1 | EE24: =if(EA24=0,EC24,EC24*ED24) -> 0 | EI24: =if( EF24=1, if( EG24=1, if( EH24=1, 5, 3), if( EH24=1, 1, -3 ) ), if(EG24=1,if(EH24=1, -1, -2 ), if(EH24=1, 7, 0 ) ) ) -> 0 | EJ24: 1 | EK24: =if(EG24=0,EI24,EI24*EJ24) -> 0 | EL24: 1 | EM24: 1 | EN24: 1 | EO24: =if( EL24=1, if( EM24=1, if( EN24=1, 5, 3), if( EN24=1, 1, -3 ) ), if(EM24=1,if(EN24=1, -1, -2 ), if(EN24=1, 7, 0 ) ) ) -> 5 | EP24: 1 | EQ24: =if(EM24=0,EO24,EO24*EP24) -> 5 | EU24: =if( ER24=1, if( ES24=1, if( ET24=1, 5, 3), if( ET24=1, 1, -3 ) ), if(ES24=1,if(ET24=1, -1, -2 ), if(ET24=1, 7, 0 ) ) ) -> 0 | EV24: 1 | EW24: =if(ES24=0,EU24,EU24*EV24) -> 0 | FA24: =if( EX24=1, if( EY24=1, if( EZ24=1, 5, 3), if( EZ24=1, 1, -3 ) ), if(EY24=1,if(EZ24=1, -1, -2 ), if(EZ24=1, 7, 0 ) ) ) -> 0 | FB24: 1 | FC24: =if(EY24=0,FA24,FA24*FB24) -> 0 | FG24: =if( FD24=1, if( FE24=1, if( FF24=1, 5, 3), if( FF24=1, 1, -3 ) ), if(FE24=1,if(FF24=1, -1, -2 ), if(FF24=1, 7, 0 ) ) ) -> 0 | FH24: 1 | FI24: =if(FE24=0,FG24,FG24*FH24) -> 0 | FM24: =if( FJ24=1, if( FK24=1, if( FL24=1, 5, 3), if( FL24=1, 1, -3 ) ), if(FK24=1,if(FL24=1, -1, -2 ), if(FL24=1, 7, 0 ) ) ) -> 0 | FN24: 1 | FO24: =if(FK24=0,FM24,FM24*FN24) -> 0 | FS24: =if( FP24=1, if( FQ24=1, if( FR24=1, 5, 3), if( FR24=1, 1, -3 ) ), if(FQ24=1,if(FR24=1, -1, -2 ), if(FR24=1, 7, 0 ) ) ) -> 0 | FT24: 1 | FU24: =if(FQ24=0,FS24,FS24*FT24) -> 0 | FY24: =if( FV24=1, if( FW24=1, if( FX24=1, 5, 3), if( FX24=1, 1, -3 ) ), if(FW24=1,if(FX24=1, -1, -2 ), if(FX24=1, 7, 0 ) ) ) -> 0 | FZ24: 1 | GA24: =if(FW24=0,FY24,FY24*FZ24) -> 0 | GB24: 1 | GC24: 1 | GE24: =if( GB24=1, if( GC24=1, if( GD24=1, 5, 3), if( GD24=1, 1, -3 ) ), if(GC24=1,if(GD24=1, -1, -2 ), if(GD24=1, 7, 0 ) ) ) -> 3 | GF24: 1 | GG24: =if(GC24=0,GE24,GE24*GF24) -> 3 | GH24: 1 | GI24: 1 | GJ24: 1 | GK24: =if( GH24=1, if( GI24=1, if( GJ24=1, 5, 3), if( GJ24=1, 1, -3 ) ), if(GI24=1,if(GJ24=1, -1, -2 ), if(GJ24=1, 7, 0 ) ) ) -> 5 | GL24: 1 | GM24: =if(GI24=0,GK24,GK24*GL24) -> 5 | GQ24: =if( GN24=1, if( GO24=1, if( GP24=1, 5, 3), if( GP24=1, 1, -3 ) ), if(GO24=1,if(GP24=1, -1, -2 ), if(GP24=1, 7, 0 ) ) ) -> 0 | GR24: 1 | GS24: =if(GO24=0,GQ24,GQ24*GR24) -> 0 | GW24: =if( GT24=1, if( GU24=1, if( GV24=1, 5, 3), if( GV24=1, 1, -3 ) ), if(GU24=1,if(GV24=1, -1, -2 ), if(GV24=1, 7, 0 ) ) ) -> 0 | GX24: 1 | GY24: =if(GU24=0,GW24,GW24*GX24) -> 0 | HC24: =if( GZ24=1, if( HA24=1, if( HB24=1, 5, 3), if( HB24=1, 1, -3 ) ), if(HA24=1,if(HB24=1, -1, -2 ), if(HB24=1, 7, 0 ) ) ) -> 0 | HD24: 1 | HE24: =if(HA24=0,HC24,HC24*HD24) -> 0 | HI24: =if( HF24=1, if( HG24=1, if( HH24=1, 5, 3), if( HH24=1, 1, -3 ) ), if(HG24=1,if(HH24=1, -1, -2 ), if(HH24=1, 7, 0 ) ) ) -> 0 | HJ24: 1 | HK24: =if(HG24=0,HI24,HI24*HJ24) -> 0 | HO24: =if( HL24=1, if( HM24=1, if( HN24=1, 5, 3), if( HN24=1, 1, -3 ) ), if(HM24=1,if(HN24=1, -1, -2 ), if(HN24=1, 7, 0 ) ) ) -> 0 | HP24: 1 | HQ24: =if(HM24=0,HO24,HO24*HP24) -> 0 | HU24: =if( HR24=1, if( HS24=1, if( HT24=1, 5, 3), if( HT24=1, 1, -3 ) ), if(HS24=1,if(HT24=1, -1, -2 ), if(HT24=1, 7, 0 ) ) ) -> 0 | HV24: 1 | HW24: =if(HS24=0,HU24,HU24*HV24) -> 0 | IA24: =if( HX24=1, if( HY24=1, if( HZ24=1, 5, 3), if( HZ24=1, 1, -3 ) ), if(HY24=1,if(HZ24=1, -1, -2 ), if(HZ24=1, 7, 0 ) ) ) -> 0 | IB24: 1 | IC24: =if(HY24=0,IA24,IA24*IB24) -> 0 | IG24: =if( ID24=1, if( IE24=1, if( IF24=1, 5, 3), if( IF24=1, 1, -3 ) ), if(IE24=1,if(IF24=1, -1, -2 ), if(IF24=1, 7, 0 ) ) ) -> 0 | IH24: 1 | II24: =if(IE24=0,IG24,IG24*IH24) -> 0 | IM24: =if( IJ24=1, if( IK24=1, if( IL24=1, 5, 3), if( IL24=1, 1, -3 ) ), if(IK24=1,if(IL24=1, -1, -2 ), if(IL24=1, 7, 0 ) ) ) -> 0 | IN24: 1 | IO24: =if(IK24=0,IM24,IM24*IN24) -> 0
A25: Amed Jr | C25: =countA($A$6:A25) -> 20 | D25: =VLOOKUP(A25,TDP!A:C,3,FALSE) -> 0.15 | E25: =(1+$D25)*sum($G25,$M25,$Q25,$U25,$AA25,$AG25,$AM25,$AS25,$AY25,$BE25,$BK25,$BQ25,$BW25,$CC25,$CI25,$CO25,$CU25,$DA25,$DG25,$DM25,$DS25,$DY25,$EE25,$EK25,$EQ25,$EW25,$FC25,$FI25,$FO25,$FU25,$GA25,$GG25,$GM25,$GS25,$GY25,$HE25,$HK25,$HQ25,$HW25,$IC25,$II25,$IO25) -> 29.9 | G25: =if(F25=1, 7, 0 ) -> 0 | H25: 1 | I25: 1 | J25: 1 | K25: =if( H25=1, if( I25=1, if( J25=1, 5, 3), if( J25=1, 1, -3 ) ), if(I25=1,if(J25=1, -1, -2 ), if(J25=1, 7, 0 ) ) ) -> 5 | L25: 1 | M25: =if(I25=0,K25,K25*L25) -> 5 | Q25: =if( N25=1, if( O25=1, if( P25=1, 5, 3), if( P25=1, 1, -3 ) ), if(O25=1,if(P25=1, -1, -2 ), if(P25=1, 7, 0 ) ) ) -> 0 | U25: =if( R25=1, if( S25=1, if( T25=1, 5, 3), if( T25=1, 1, -3 ) ), if(S25=1,if(T25=1, -1, -2 ), if(T25=1, 7, 0 ) ) ) -> 0 | Y25: =if( V25=1, if( W25=1, if( X25=1, 5, 3), if( X25=1, 1, -3 ) ), if(W25=1,if(X25=1, -1, -2 ), if(X25=1, 7, 0 ) ) ) -> 0 | AA25: =if(W25=0,Y25,Y25*Z25) -> 0 | AE25: =if( AB25=1, if( AC25=1, if( AD25=1, 5, 3), if( AD25=1, 1, -3 ) ), if(AC25=1,if(AD25=1, -1, -2 ), if(AD25=1, 7, 0 ) ) ) -> 0 | AG25: =if(AC25=0,AE25,AE25*AF25) -> 0 | AK25: =if( AH25=1, if( AI25=1, if( AJ25=1, 5, 3), if( AJ25=1, 1, -3 ) ), if(AI25=1,if(AJ25=1, -1, -2 ), if(AJ25=1, 7, 0 ) ) ) -> 0 | AM25: =if(AI25=0,AK25,AK25*AL25) -> 0 | AQ25: =if( AN25=1, if( AO25=1, if( AP25=1, 5, 3), if( AP25=1, 1, -3 ) ), if(AO25=1,if(AP25=1, -1, -2 ), if(AP25=1, 7, 0 ) ) ) -> 0 | AS25: =if(AO25=0,AQ25,AQ25*AR25) -> 0 | AW25: =if( AT25=1, if( AU25=1, if( AV25=1, 5, 3), if( AV25=1, 1, -3 ) ), if(AU25=1,if(AV25=1, -1, -2 ), if(AV25=1, 7, 0 ) ) ) -> 0 | AY25: =if(AU25=0,AW25,AW25*AX25) -> 0 | BC25: =if( AZ25=1, if( BA25=1, if( BB25=1, 5, 3), if( BB25=1, 1, -3 ) ), if(BA25=1,if(BB25=1, -1, -2 ), if(BB25=1, 7, 0 ) ) ) -> 0 | BE25: =if(BA25=0,BC25,BC25*BD25) -> 0 | BI25: =if( BF25=1, if( BG25=1, if( BH25=1, 5, 3), if( BH25=1, 1, -3 ) ), if(BG25=1,if(BH25=1, -1, -2 ), if(BH25=1, 7, 0 ) ) ) -> 0 | BK25: =if(BG25=0,BI25,BI25*BJ25) -> 0 | BO25: =if( BL25=1, if( BM25=1, if( BN25=1, 5, 3), if( BN25=1, 1, -3 ) ), if(BM25=1,if(BN25=1, -1, -2 ), if(BN25=1, 7, 0 ) ) ) -> 0 | BQ25: =if(BM25=0,BO25,BO25*BP25) -> 0 | BU25: =if( BR25=1, if( BS25=1, if( BT25=1, 5, 3), if( BT25=1, 1, -3 ) ), if(BS25=1,if(BT25=1, -1, -2 ), if(BT25=1, 7, 0 ) ) ) -> 0 | BW25: =if(BS25=0,BU25,BU25*BV25) -> 0 | CA25: =if( BX25=1, if( BY25=1, if( BZ25=1, 5, 3), if( BZ25=1, 1, -3 ) ), if(BY25=1,if(BZ25=1, -1, -2 ), if(BZ25=1, 7, 0 ) ) ) -> 0 | CC25: =if(BY25=0,CA25,CA25*CB25) -> 0 | CG25: =if( CD25=1, if( CE25=1, if( CF25=1, 5, 3), if( CF25=1, 1, -3 ) ), if(CE25=1,if(CF25=1, -1, -2 ), if(CF25=1, 7, 0 ) ) ) -> 0 | CI25: =if(CE25=0,CG25,CG25*CH25) -> 0 | CM25: =if( CJ25=1, if( CK25=1, if( CL25=1, 5, 3), if( CL25=1, 1, -3 ) ), if(CK25=1,if(CL25=1, -1, -2 ), if(CL25=1, 7, 0 ) ) ) -> 0 | CO25: =if(CK25=0,CM25,CM25*CN25) -> 0 | CS25: =if( CP25=1, if( CQ25=1, if( CR25=1, 5, 3), if( CR25=1, 1, -3 ) ), if(CQ25=1,if(CR25=1, -1, -2 ), if(CR25=1, 7, 0 ) ) ) -> 0 | CU25: =if(CQ25=0,CS25,CS25*CT25) -> 0 | CY25: =if( CV25=1, if( CW25=1, if( CX25=1, 5, 3), if( CX25=1, 1, -3 ) ), if(CW25=1,if(CX25=1, -1, -2 ), if(CX25=1, 7, 0 ) ) ) -> 0 | DA25: =if(CW25=0,CY25,CY25*CZ25) -> 0 | DE25: =if( DB25=1, if( DC25=1, if( DD25=1, 5, 3), if( DD25=1, 1, -3 ) ), if(DC25=1,if(DD25=1, -1, -2 ), if(DD25=1, 7, 0 ) ) ) -> 0 | DF25: 1 | DG25: =if(DC25=0,DE25,DE25*DF25) -> 0 | DK25: =if( DH25=1, if( DI25=1, if( DJ25=1, 5, 3), if( DJ25=1, 1, -3 ) ), if(DI25=1,if(DJ25=1, -1, -2 ), if(DJ25=1, 7, 0 ) ) ) -> 0 | DL25: 1 | DM25: =if(DI25=0,DK25,DK25*DL25) -> 0 | DQ25: =if( DN25=1, if( DO25=1, if( DP25=1, 5, 3), if( DP25=1, 1, -3 ) ), if(DO25=1,if(DP25=1, -1, -2 ), if(DP25=1, 7, 0 ) ) ) -> 0 | DR25: 1 | DS25: =if(DO25=0,DQ25,DQ25*DR25) -> 0 | DT25: 1 | DU25: 1 | DW25: =if( DT25=1, if( DU25=1, if( DV25=1, 5, 3), if( DV25=1, 1, -3 ) ), if(DU25=1,if(DV25=1, -1, -2 ), if(DV25=1, 7, 0 ) ) ) -> 3 | DX25: 1 | DY25: =if(DU25=0,DW25,DW25*DX25) -> 3 | EC25: =if( DZ25=1, if( EA25=1, if( EB25=1, 5, 3), if( EB25=1, 1, -3 ) ), if(EA25=1,if(EB25=1, -1, -2 ), if(EB25=1, 7, 0 ) ) ) -> 0 | ED25: 1 | EE25: =if(EA25=0,EC25,EC25*ED25) -> 0 | EF25: 1 | EG25: 1 | EH25: 1 | EI25: =if( EF25=1, if( EG25=1, if( EH25=1, 5, 3), if( EH25=1, 1, -3 ) ), if(EG25=1,if(EH25=1, -1, -2 ), if(EH25=1, 7, 0 ) ) ) -> 5 | EJ25: 1 | EK25: =if(EG25=0,EI25,EI25*EJ25) -> 5 | EO25: =if( EL25=1, if( EM25=1, if( EN25=1, 5, 3), if( EN25=1, 1, -3 ) ), if(EM25=1,if(EN25=1, -1, -2 ), if(EN25=1, 7, 0 ) ) ) -> 0 | EP25: 1 | EQ25: =if(EM25=0,EO25,EO25*EP25) -> 0 | EU25: =if( ER25=1, if( ES25=1, if( ET25=1, 5, 3), if( ET25=1, 1, -3 ) ), if(ES25=1,if(ET25=1, -1, -2 ), if(ET25=1, 7, 0 ) ) ) -> 0 | EV25: 1 | EW25: =if(ES25=0,EU25,EU25*EV25) -> 0 | FA25: =if( EX25=1, if( EY25=1, if( EZ25=1, 5, 3), if( EZ25=1, 1, -3 ) ), if(EY25=1,if(EZ25=1, -1, -2 ), if(EZ25=1, 7, 0 ) ) ) -> 0 | FB25: 1 | FC25: =if(EY25=0,FA25,FA25*FB25) -> 0 | FG25: =if( FD25=1, if( FE25=1, if( FF25=1, 5, 3), if( FF25=1, 1, -3 ) ), if(FE25=1,if(FF25=1, -1, -2 ), if(FF25=1, 7, 0 ) ) ) -> 0 | FH25: 1 | FI25: =if(FE25=0,FG25,FG25*FH25) -> 0 | FM25: =if( FJ25=1, if( FK25=1, if( FL25=1, 5, 3), if( FL25=1, 1, -3 ) ), if(FK25=1,if(FL25=1, -1, -2 ), if(FL25=1, 7, 0 ) ) ) -> 0 | FN25: 1 | FO25: =if(FK25=0,FM25,FM25*FN25) -> 0 | FS25: =if( FP25=1, if( FQ25=1, if( FR25=1, 5, 3), if( FR25=1, 1, -3 ) ), if(FQ25=1,if(FR25=1, -1, -2 ), if(FR25=1, 7, 0 ) ) ) -> 0 | FT25: 1 | FU25: =if(FQ25=0,FS25,FS25*FT25) -> 0 | FV25: 1 | FW25: 1 | FX25: 1 | FY25: =if( FV25=1, if( FW25=1, if( FX25=1, 5, 3), if( FX25=1, 1, -3 ) ), if(FW25=1,if(FX25=1, -1, -2 ), if(FX25=1, 7, 0 ) ) ) -> 5 | FZ25: 1 | GA25: =if(FW25=0,FY25,FY25*FZ25) -> 5 | GE25: =if( GB25=1, if( GC25=1, if( GD25=1, 5, 3), if( GD25=1, 1, -3 ) ), if(GC25=1,if(GD25=1, -1, -2 ), if(GD25=1, 7, 0 ) ) ) -> 0 | GF25: 1 | GG25: =if(GC25=0,GE25,GE25*GF25) -> 0 | GK25: =if( GH25=1, if( GI25=1, if( GJ25=1, 5, 3), if( GJ25=1, 1, -3 ) ), if(GI25=1,if(GJ25=1, -1, -2 ), if(GJ25=1, 7, 0 ) ) ) -> 0 | GL25: 1 | GM25: =if(GI25=0,GK25,GK25*GL25) -> 0 | GQ25: =if( GN25=1, if( GO25=1, if( GP25=1, 5, 3), if( GP25=1, 1, -3 ) ), if(GO25=1,if(GP25=1, -1, -2 ), if(GP25=1, 7, 0 ) ) ) -> 0 | GR25: 1 | GS25: =if(GO25=0,GQ25,GQ25*GR25) -> 0 | GT25: 1 | GU25: 1 | GV25: 1 | GW25: =if( GT25=1, if( GU25=1, if( GV25=1, 5, 3), if( GV25=1, 1, -3 ) ), if(GU25=1,if(GV25=1, -1, -2 ), if(GV25=1, 7, 0 ) ) ) -> 5 | GX25: 1 | GY25: =if(GU25=0,GW25,GW25*GX25) -> 5 | HC25: =if( GZ25=1, if( HA25=1, if( HB25=1, 5, 3), if( HB25=1, 1, -3 ) ), if(HA25=1,if(HB25=1, -1, -2 ), if(HB25=1, 7, 0 ) ) ) -> 0 | HD25: 1 | HE25: =if(HA25=0,HC25,HC25*HD25) -> 0 | HF25: 1 | HG25: 1 | HI25: =if( HF25=1, if( HG25=1, if( HH25=1, 5, 3), if( HH25=1, 1, -3 ) ), if(HG25=1,if(HH25=1, -1, -2 ), if(HH25=1, 7, 0 ) ) ) -> 3 | HJ25: 1 | HK25: =if(HG25=0,HI25,HI25*HJ25) -> 3 | HO25: =if( HL25=1, if( HM25=1, if( HN25=1, 5, 3), if( HN25=1, 1, -3 ) ), if(HM25=1,if(HN25=1, -1, -2 ), if(HN25=1, 7, 0 ) ) ) -> 0 | HP25: 1 | HQ25: =if(HM25=0,HO25,HO25*HP25) -> 0 | HU25: =if( HR25=1, if( HS25=1, if( HT25=1, 5, 3), if( HT25=1, 1, -3 ) ), if(HS25=1,if(HT25=1, -1, -2 ), if(HT25=1, 7, 0 ) ) ) -> 0 | HV25: 1 | HW25: =if(HS25=0,HU25,HU25*HV25) -> 0 | IA25: =if( HX25=1, if( HY25=1, if( HZ25=1, 5, 3), if( HZ25=1, 1, -3 ) ), if(HY25=1,if(HZ25=1, -1, -2 ), if(HZ25=1, 7, 0 ) ) ) -> 0 | IB25: 1 | IC25: =if(HY25=0,IA25,IA25*IB25) -> 0 | IG25: =if( ID25=1, if( IE25=1, if( IF25=1, 5, 3), if( IF25=1, 1, -3 ) ), if(IE25=1,if(IF25=1, -1, -2 ), if(IF25=1, 7, 0 ) ) ) -> 0 | IH25: 1 | II25: =if(IE25=0,IG25,IG25*IH25) -> 0 | IM25: =if( IJ25=1, if( IK25=1, if( IL25=1, 5, 3), if( IL25=1, 1, -3 ) ), if(IK25=1,if(IL25=1, -1, -2 ), if(IL25=1, 7, 0 ) ) ) -> 0 | IN25: 1 | IO25: =if(IK25=0,IM25,IM25*IN25) -> 0
A26: Jonathan | B26: Urtecho | C26: =countA($A$6:A26) -> 21 | D26: =VLOOKUP(A26,TDP!A:C,3,FALSE) -> 0.25 | E26: =(1+$D26)*sum($G26,$M26,$Q26,$U26,$AA26,$AG26,$AM26,$AS26,$AY26,$BE26,$BK26,$BQ26,$BW26,$CC26,$CI26,$CO26,$CU26,$DA26,$DG26,$DM26,$DS26,$DY26,$EE26,$EK26,$EQ26,$EW26,$FC26,$FI26,$FO26,$FU26,$GA26,$GG26,$GM26,$GS26,$GY26,$HE26,$HK26,$HQ26,$HW26,$IC26,$II26,$IO26) -> 25 | G26: =if(F26=1, 7, 0 ) -> 0 | K26: =if( H26=1, if( I26=1, if( J26=1, 5, 3), if( J26=1, 1, -3 ) ), if(I26=1,if(J26=1, -1, -2 ), if(J26=1, 7, 0 ) ) ) -> 0 | M26: =if(I26=0,K26,K26*L26) -> 0 | Q26: =if( N26=1, if( O26=1, if( P26=1, 5, 3), if( P26=1, 1, -3 ) ), if(O26=1,if(P26=1, -1, -2 ), if(P26=1, 7, 0 ) ) ) -> 0 | U26: =if( R26=1, if( S26=1, if( T26=1, 5, 3), if( T26=1, 1, -3 ) ), if(S26=1,if(T26=1, -1, -2 ), if(T26=1, 7, 0 ) ) ) -> 0 | Y26: =if( V26=1, if( W26=1, if( X26=1, 5, 3), if( X26=1, 1, -3 ) ), if(W26=1,if(X26=1, -1, -2 ), if(X26=1, 7, 0 ) ) ) -> 0 | AA26: =if(W26=0,Y26,Y26*Z26) -> 0 | AE26: =if( AB26=1, if( AC26=1, if( AD26=1, 5, 3), if( AD26=1, 1, -3 ) ), if(AC26=1,if(AD26=1, -1, -2 ), if(AD26=1, 7, 0 ) ) ) -> 0 | AG26: =if(AC26=0,AE26,AE26*AF26) -> 0 | AK26: =if( AH26=1, if( AI26=1, if( AJ26=1, 5, 3), if( AJ26=1, 1, -3 ) ), if(AI26=1,if(AJ26=1, -1, -2 ), if(AJ26=1, 7, 0 ) ) ) -> 0 | AM26: =if(AI26=0,AK26,AK26*AL26) -> 0 | AQ26: =if( AN26=1, if( AO26=1, if( AP26=1, 5, 3), if( AP26=1, 1, -3 ) ), if(AO26=1,if(AP26=1, -1, -2 ), if(AP26=1, 7, 0 ) ) ) -> 0 | AS26: =if(AO26=0,AQ26,AQ26*AR26) -> 0 | AW26: =if( AT26=1, if( AU26=1, if( AV26=1, 5, 3), if( AV26=1, 1, -3 ) ), if(AU26=1,if(AV26=1, -1, -2 ), if(AV26=1, 7, 0 ) ) ) -> 0 | AY26: =if(AU26=0,AW26,AW26*AX26) -> 0 | BC26: =if( AZ26=1, if( BA26=1, if( BB26=1, 5, 3), if( BB26=1, 1, -3 ) ), if(BA26=1,if(BB26=1, -1, -2 ), if(BB26=1, 7, 0 ) ) ) -> 0 | BE26: =if(BA26=0,BC26,BC26*BD26) -> 0 | BI26: =if( BF26=1, if( BG26=1, if( BH26=1, 5, 3), if( BH26=1, 1, -3 ) ), if(BG26=1,if(BH26=1, -1, -2 ), if(BH26=1, 7, 0 ) ) ) -> 0 | BK26: =if(BG26=0,BI26,BI26*BJ26) -> 0 | BO26: =if( BL26=1, if( BM26=1, if( BN26=1, 5, 3), if( BN26=1, 1, -3 ) ), if(BM26=1,if(BN26=1, -1, -2 ), if(BN26=1, 7, 0 ) ) ) -> 0 | BQ26: =if(BM26=0,BO26,BO26*BP26) -> 0 | BU26: =if( BR26=1, if( BS26=1, if( BT26=1, 5, 3), if( BT26=1, 1, -3 ) ), if(BS26=1,if(BT26=1, -1, -2 ), if(BT26=1, 7, 0 ) ) ) -> 0 | BW26: =if(BS26=0,BU26,BU26*BV26) -> 0 | CA26: =if( BX26=1, if( BY26=1, if( BZ26=1, 5, 3), if( BZ26=1, 1, -3 ) ), if(BY26=1,if(BZ26=1, -1, -2 ), if(BZ26=1, 7, 0 ) ) ) -> 0 | CC26: =if(BY26=0,CA26,CA26*CB26) -> 0 | CG26: =if( CD26=1, if( CE26=1, if( CF26=1, 5, 3), if( CF26=1, 1, -3 ) ), if(CE26=1,if(CF26=1, -1, -2 ), if(CF26=1, 7, 0 ) ) ) -> 0 | CI26: =if(CE26=0,CG26,CG26*CH26) -> 0 | CM26: =if( CJ26=1, if( CK26=1, if( CL26=1, 5, 3), if( CL26=1, 1, -3 ) ), if(CK26=1,if(CL26=1, -1, -2 ), if(CL26=1, 7, 0 ) ) ) -> 0 | CO26: =if(CK26=0,CM26,CM26*CN26) -> 0 | CS26: =if( CP26=1, if( CQ26=1, if( CR26=1, 5, 3), if( CR26=1, 1, -3 ) ), if(CQ26=1,if(CR26=1, -1, -2 ), if(CR26=1, 7, 0 ) ) ) -> 0 | CU26: =if(CQ26=0,CS26,CS26*CT26) -> 0 | CY26: =if( CV26=1, if( CW26=1, if( CX26=1, 5, 3), if( CX26=1, 1, -3 ) ), if(CW26=1,if(CX26=1, -1, -2 ), if(CX26=1, 7, 0 ) ) ) -> 0 | DA26: =if(CW26=0,CY26,CY26*CZ26) -> 0 | DE26: =if( DB26=1, if( DC26=1, if( DD26=1, 5, 3), if( DD26=1, 1, -3 ) ), if(DC26=1,if(DD26=1, -1, -2 ), if(DD26=1, 7, 0 ) ) ) -> 0 | DF26: 1 | DG26: =if(DC26=0,DE26,DE26*DF26) -> 0 | DK26: =if( DH26=1, if( DI26=1, if( DJ26=1, 5, 3), if( DJ26=1, 1, -3 ) ), if(DI26=1,if(DJ26=1, -1, -2 ), if(DJ26=1, 7, 0 ) ) ) -> 0 | DL26: 1 | DM26: =if(DI26=0,DK26,DK26*DL26) -> 0 | DQ26: =if( DN26=1, if( DO26=1, if( DP26=1, 5, 3), if( DP26=1, 1, -3 ) ), if(DO26=1,if(DP26=1, -1, -2 ), if(DP26=1, 7, 0 ) ) ) -> 0 | DR26: 1 | DS26: =if(DO26=0,DQ26,DQ26*DR26) -> 0 | DW26: =if( DT26=1, if( DU26=1, if( DV26=1, 5, 3), if( DV26=1, 1, -3 ) ), if(DU26=1,if(DV26=1, -1, -2 ), if(DV26=1, 7, 0 ) ) ) -> 0 | DX26: 1 | DY26: =if(DU26=0,DW26,DW26*DX26) -> 0 | EC26: =if( DZ26=1, if( EA26=1, if( EB26=1, 5, 3), if( EB26=1, 1, -3 ) ), if(EA26=1,if(EB26=1, -1, -2 ), if(EB26=1, 7, 0 ) ) ) -> 0 | ED26: 1 | EE26: =if(EA26=0,EC26,EC26*ED26) -> 0 | EF26: 1 | EG26: 1 | EI26: =if( EF26=1, if( EG26=1, if( EH26=1, 5, 3), if( EH26=1, 1, -3 ) ), if(EG26=1,if(EH26=1, -1, -2 ), if(EH26=1, 7, 0 ) ) ) -> 3 | EJ26: 1 | EK26: =if(EG26=0,EI26,EI26*EJ26) -> 3 | EL26: 1 | EM26: 1 | EO26: =if( EL26=1, if( EM26=1, if( EN26=1, 5, 3), if( EN26=1, 1, -3 ) ), if(EM26=1,if(EN26=1, -1, -2 ), if(EN26=1, 7, 0 ) ) ) -> 3 | EP26: 1 | EQ26: =if(EM26=0,EO26,EO26*EP26) -> 3 | ER26: 1 | ES26: 1 | EU26: =if( ER26=1, if( ES26=1, if( ET26=1, 5, 3), if( ET26=1, 1, -3 ) ), if(ES26=1,if(ET26=1, -1, -2 ), if(ET26=1, 7, 0 ) ) ) -> 3 | EV26: 1 | EW26: =if(ES26=0,EU26,EU26*EV26) -> 3 | FA26: =if( EX26=1, if( EY26=1, if( EZ26=1, 5, 3), if( EZ26=1, 1, -3 ) ), if(EY26=1,if(EZ26=1, -1, -2 ), if(EZ26=1, 7, 0 ) ) ) -> 0 | FB26: 1 | FC26: =if(EY26=0,FA26,FA26*FB26) -> 0 | FG26: =if( FD26=1, if( FE26=1, if( FF26=1, 5, 3), if( FF26=1, 1, -3 ) ), if(FE26=1,if(FF26=1, -1, -2 ), if(FF26=1, 7, 0 ) ) ) -> 0 | FH26: 1 | FI26: =if(FE26=0,FG26,FG26*FH26) -> 0 | FM26: =if( FJ26=1, if( FK26=1, if( FL26=1, 5, 3), if( FL26=1, 1, -3 ) ), if(FK26=1,if(FL26=1, -1, -2 ), if(FL26=1, 7, 0 ) ) ) -> 0 | FN26: 1 | FO26: =if(FK26=0,FM26,FM26*FN26) -> 0 | FS26: =if( FP26=1, if( FQ26=1, if( FR26=1, 5, 3), if( FR26=1, 1, -3 ) ), if(FQ26=1,if(FR26=1, -1, -2 ), if(FR26=1, 7, 0 ) ) ) -> 0 | FT26: 1 | FU26: =if(FQ26=0,FS26,FS26*FT26) -> 0 | FY26: =if( FV26=1, if( FW26=1, if( FX26=1, 5, 3), if( FX26=1, 1, -3 ) ), if(FW26=1,if(FX26=1, -1, -2 ), if(FX26=1, 7, 0 ) ) ) -> 0 | FZ26: 1 | GA26: =if(FW26=0,FY26,FY26*FZ26) -> 0 | GE26: =if( GB26=1, if( GC26=1, if( GD26=1, 5, 3), if( GD26=1, 1, -3 ) ), if(GC26=1,if(GD26=1, -1, -2 ), if(GD26=1, 7, 0 ) ) ) -> 0 | GF26: 1 | GG26: =if(GC26=0,GE26,GE26*GF26) -> 0 | GK26: =if( GH26=1, if( GI26=1, if( GJ26=1, 5, 3), if( GJ26=1, 1, -3 ) ), if(GI26=1,if(GJ26=1, -1, -2 ), if(GJ26=1, 7, 0 ) ) ) -> 0 | GL26: 1 | GM26: =if(GI26=0,GK26,GK26*GL26) -> 0 | GQ26: =if( GN26=1, if( GO26=1, if( GP26=1, 5, 3), if( GP26=1, 1, -3 ) ), if(GO26=1,if(GP26=1, -1, -2 ), if(GP26=1, 7, 0 ) ) ) -> 0 | GR26: 1 | GS26: =if(GO26=0,GQ26,GQ26*GR26) -> 0 | GT26: 1 | GU26: 1 | GV26: 1 | GW26: =if( GT26=1, if( GU26=1, if( GV26=1, 5, 3), if( GV26=1, 1, -3 ) ), if(GU26=1,if(GV26=1, -1, -2 ), if(GV26=1, 7, 0 ) ) ) -> 5 | GX26: 1 | GY26: =if(GU26=0,GW26,GW26*GX26) -> 5 | GZ26: 1 | HA26: 1 | HC26: =if( GZ26=1, if( HA26=1, if( HB26=1, 5, 3), if( HB26=1, 1, -3 ) ), if(HA26=1,if(HB26=1, -1, -2 ), if(HB26=1, 7, 0 ) ) ) -> 3 | HD26: 1 | HE26: =if(HA26=0,HC26,HC26*HD26) -> 3 | HF26: 1 | HG26: 1 | HI26: =if( HF26=1, if( HG26=1, if( HH26=1, 5, 3), if( HH26=1, 1, -3 ) ), if(HG26=1,if(HH26=1, -1, -2 ), if(HH26=1, 7, 0 ) ) ) -> 3 | HJ26: 1 | HK26: =if(HG26=0,HI26,HI26*HJ26) -> 3 | HO26: =if( HL26=1, if( HM26=1, if( HN26=1, 5, 3), if( HN26=1, 1, -3 ) ), if(HM26=1,if(HN26=1, -1, -2 ), if(HN26=1, 7, 0 ) ) ) -> 0 | HP26: 1 | HQ26: =if(HM26=0,HO26,HO26*HP26) -> 0 | HU26: =if( HR26=1, if( HS26=1, if( HT26=1, 5, 3), if( HT26=1, 1, -3 ) ), if(HS26=1,if(HT26=1, -1, -2 ), if(HT26=1, 7, 0 ) ) ) -> 0 | HV26: 1 | HW26: =if(HS26=0,HU26,HU26*HV26) -> 0 | IA26: =if( HX26=1, if( HY26=1, if( HZ26=1, 5, 3), if( HZ26=1, 1, -3 ) ), if(HY26=1,if(HZ26=1, -1, -2 ), if(HZ26=1, 7, 0 ) ) ) -> 0 | IB26: 1 | IC26: =if(HY26=0,IA26,IA26*IB26) -> 0 | IG26: =if( ID26=1, if( IE26=1, if( IF26=1, 5, 3), if( IF26=1, 1, -3 ) ), if(IE26=1,if(IF26=1, -1, -2 ), if(IF26=1, 7, 0 ) ) ) -> 0 | IH26: 1 | II26: =if(IE26=0,IG26,IG26*IH26) -> 0 | IM26: =if( IJ26=1, if( IK26=1, if( IL26=1, 5, 3), if( IL26=1, 1, -3 ) ), if(IK26=1,if(IL26=1, -1, -2 ), if(IL26=1, 7, 0 ) ) ) -> 0 | IN26: 1 | IO26: =if(IK26=0,IM26,IM26*IN26) -> 0
A27: Xavi | B27: Etarra | C27: =countA($A$6:A27) -> 22 | D27: =VLOOKUP(A27,TDP!A:C,3,FALSE) -> 0.38 | E27: =(1+$D27)*sum($G27,$M27,$Q27,$U27,$AA27,$AG27,$AM27,$AS27,$AY27,$BE27,$BK27,$BQ27,$BW27,$CC27,$CI27,$CO27,$CU27,$DA27,$DG27,$DM27,$DS27,$DY27,$EE27,$EK27,$EQ27,$EW27,$FC27,$FI27,$FO27,$FU27,$GA27,$GG27,$GM27,$GS27,$GY27,$HE27,$HK27,$HQ27,$HW27,$IC27,$II27,$IO27) -> 23.46 | F27: 1 | G27: =if(F27=1, 7, 0 ) -> 7 | K27: =if( H27=1, if( I27=1, if( J27=1, 5, 3), if( J27=1, 1, -3 ) ), if(I27=1,if(J27=1, -1, -2 ), if(J27=1, 7, 0 ) ) ) -> 0 | M27: =if(I27=0,K27,K27*L27) -> 0 | Q27: =if( N27=1, if( O27=1, if( P27=1, 5, 3), if( P27=1, 1, -3 ) ), if(O27=1,if(P27=1, -1, -2 ), if(P27=1, 7, 0 ) ) ) -> 0 | U27: =if( R27=1, if( S27=1, if( T27=1, 5, 3), if( T27=1, 1, -3 ) ), if(S27=1,if(T27=1, -1, -2 ), if(T27=1, 7, 0 ) ) ) -> 0 | Y27: =if( V27=1, if( W27=1, if( X27=1, 5, 3), if( X27=1, 1, -3 ) ), if(W27=1,if(X27=1, -1, -2 ), if(X27=1, 7, 0 ) ) ) -> 0 | AA27: =if(W27=0,Y27,Y27*Z27) -> 0 | AE27: =if( AB27=1, if( AC27=1, if( AD27=1, 5, 3), if( AD27=1, 1, -3 ) ), if(AC27=1,if(AD27=1, -1, -2 ), if(AD27=1, 7, 0 ) ) ) -> 0 | AG27: =if(AC27=0,AE27,AE27*AF27) -> 0 | AK27: =if( AH27=1, if( AI27=1, if( AJ27=1, 5, 3), if( AJ27=1, 1, -3 ) ), if(AI27=1,if(AJ27=1, -1, -2 ), if(AJ27=1, 7, 0 ) ) ) -> 0 | AM27: =if(AI27=0,AK27,AK27*AL27) -> 0 | AQ27: =if( AN27=1, if( AO27=1, if( AP27=1, 5, 3), if( AP27=1, 1, -3 ) ), if(AO27=1,if(AP27=1, -1, -2 ), if(AP27=1, 7, 0 ) ) ) -> 0 | AS27: =if(AO27=0,AQ27,AQ27*AR27) -> 0 | AW27: =if( AT27=1, if( AU27=1, if( AV27=1, 5, 3), if( AV27=1, 1, -3 ) ), if(AU27=1,if(AV27=1, -1, -2 ), if(AV27=1, 7, 0 ) ) ) -> 0 | AY27: =if(AU27=0,AW27,AW27*AX27) -> 0 | BC27: =if( AZ27=1, if( BA27=1, if( BB27=1, 5, 3), if( BB27=1, 1, -3 ) ), if(BA27=1,if(BB27=1, -1, -2 ), if(BB27=1, 7, 0 ) ) ) -> 0 | BE27: =if(BA27=0,BC27,BC27*BD27) -> 0 | BI27: =if( BF27=1, if( BG27=1, if( BH27=1, 5, 3), if( BH27=1, 1, -3 ) ), if(BG27=1,if(BH27=1, -1, -2 ), if(BH27=1, 7, 0 ) ) ) -> 0 | BK27: =if(BG27=0,BI27,BI27*BJ27) -> 0 | BO27: =if( BL27=1, if( BM27=1, if( BN27=1, 5, 3), if( BN27=1, 1, -3 ) ), if(BM27=1,if(BN27=1, -1, -2 ), if(BN27=1, 7, 0 ) ) ) -> 0 | BQ27: =if(BM27=0,BO27,BO27*BP27) -> 0 | BU27: =if( BR27=1, if( BS27=1, if( BT27=1, 5, 3), if( BT27=1, 1, -3 ) ), if(BS27=1,if(BT27=1, -1, -2 ), if(BT27=1, 7, 0 ) ) ) -> 0 | BW27: =if(BS27=0,BU27,BU27*BV27) -> 0 | CA27: =if( BX27=1, if( BY27=1, if( BZ27=1, 5, 3), if( BZ27=1, 1, -3 ) ), if(BY27=1,if(BZ27=1, -1, -2 ), if(BZ27=1, 7, 0 ) ) ) -> 0 | CC27: =if(BY27=0,CA27,CA27*CB27) -> 0 | CG27: =if( CD27=1, if( CE27=1, if( CF27=1, 5, 3), if( CF27=1, 1, -3 ) ), if(CE27=1,if(CF27=1, -1, -2 ), if(CF27=1, 7, 0 ) ) ) -> 0 | CI27: =if(CE27=0,CG27,CG27*CH27) -> 0 | CM27: =if( CJ27=1, if( CK27=1, if( CL27=1, 5, 3), if( CL27=1, 1, -3 ) ), if(CK27=1,if(CL27=1, -1, -2 ), if(CL27=1, 7, 0 ) ) ) -> 0 | CO27: =if(CK27=0,CM27,CM27*CN27) -> 0 | CS27: =if( CP27=1, if( CQ27=1, if( CR27=1, 5, 3), if( CR27=1, 1, -3 ) ), if(CQ27=1,if(CR27=1, -1, -2 ), if(CR27=1, 7, 0 ) ) ) -> 0 | CU27: =if(CQ27=0,CS27,CS27*CT27) -> 0 | CY27: =if( CV27=1, if( CW27=1, if( CX27=1, 5, 3), if( CX27=1, 1, -3 ) ), if(CW27=1,if(CX27=1, -1, -2 ), if(CX27=1, 7, 0 ) ) ) -> 0 | DA27: =if(CW27=0,CY27,CY27*CZ27) -> 0 | DE27: =if( DB27=1, if( DC27=1, if( DD27=1, 5, 3), if( DD27=1, 1, -3 ) ), if(DC27=1,if(DD27=1, -1, -2 ), if(DD27=1, 7, 0 ) ) ) -> 0 | DF27: 1 | DG27: =if(DC27=0,DE27,DE27*DF27) -> 0 | DK27: =if( DH27=1, if( DI27=1, if( DJ27=1, 5, 3), if( DJ27=1, 1, -3 ) ), if(DI27=1,if(DJ27=1, -1, -2 ), if(DJ27=1, 7, 0 ) ) ) -> 0 | DL27: 1 | DM27: =if(DI27=0,DK27,DK27*DL27) -> 0 | DQ27: =if( DN27=1, if( DO27=1, if( DP27=1, 5, 3), if( DP27=1, 1, -3 ) ), if(DO27=1,if(DP27=1, -1, -2 ), if(DP27=1, 7, 0 ) ) ) -> 0 | DR27: 1 | DS27: =if(DO27=0,DQ27,DQ27*DR27) -> 0 | DW27: =if( DT27=1, if( DU27=1, if( DV27=1, 5, 3), if( DV27=1, 1, -3 ) ), if(DU27=1,if(DV27=1, -1, -2 ), if(DV27=1, 7, 0 ) ) ) -> 0 | DX27: 1 | DY27: =if(DU27=0,DW27,DW27*DX27) -> 0 | EC27: =if( DZ27=1, if( EA27=1, if( EB27=1, 5, 3), if( EB27=1, 1, -3 ) ), if(EA27=1,if(EB27=1, -1, -2 ), if(EB27=1, 7, 0 ) ) ) -> 0 | ED27: 1 | EE27: =if(EA27=0,EC27,EC27*ED27) -> 0 | EI27: =if( EF27=1, if( EG27=1, if( EH27=1, 5, 3), if( EH27=1, 1, -3 ) ), if(EG27=1,if(EH27=1, -1, -2 ), if(EH27=1, 7, 0 ) ) ) -> 0 | EJ27: 1 | EK27: =if(EG27=0,EI27,EI27*EJ27) -> 0 | EO27: =if( EL27=1, if( EM27=1, if( EN27=1, 5, 3), if( EN27=1, 1, -3 ) ), if(EM27=1,if(EN27=1, -1, -2 ), if(EN27=1, 7, 0 ) ) ) -> 0 | EP27: 1 | EQ27: =if(EM27=0,EO27,EO27*EP27) -> 0 | EU27: =if( ER27=1, if( ES27=1, if( ET27=1, 5, 3), if( ET27=1, 1, -3 ) ), if(ES27=1,if(ET27=1, -1, -2 ), if(ET27=1, 7, 0 ) ) ) -> 0 | EV27: 1 | EW27: =if(ES27=0,EU27,EU27*EV27) -> 0 | FA27: =if( EX27=1, if( EY27=1, if( EZ27=1, 5, 3), if( EZ27=1, 1, -3 ) ), if(EY27=1,if(EZ27=1, -1, -2 ), if(EZ27=1, 7, 0 ) ) ) -> 0 | FB27: 1 | FC27: =if(EY27=0,FA27,FA27*FB27) -> 0 | FG27: =if( FD27=1, if( FE27=1, if( FF27=1, 5, 3), if( FF27=1, 1, -3 ) ), if(FE27=1,if(FF27=1, -1, -2 ), if(FF27=1, 7, 0 ) ) ) -> 0 | FH27: 1 | FI27: =if(FE27=0,FG27,FG27*FH27) -> 0 | FM27: =if( FJ27=1, if( FK27=1, if( FL27=1, 5, 3), if( FL27=1, 1, -3 ) ), if(FK27=1,if(FL27=1, -1, -2 ), if(FL27=1, 7, 0 ) ) ) -> 0 | FN27: 1 | FO27: =if(FK27=0,FM27,FM27*FN27) -> 0 | FS27: =if( FP27=1, if( FQ27=1, if( FR27=1, 5, 3), if( FR27=1, 1, -3 ) ), if(FQ27=1,if(FR27=1, -1, -2 ), if(FR27=1, 7, 0 ) ) ) -> 0 | FT27: 1 | FU27: =if(FQ27=0,FS27,FS27*FT27) -> 0 | FY27: =if( FV27=1, if( FW27=1, if( FX27=1, 5, 3), if( FX27=1, 1, -3 ) ), if(FW27=1,if(FX27=1, -1, -2 ), if(FX27=1, 7, 0 ) ) ) -> 0 | FZ27: 1 | GA27: =if(FW27=0,FY27,FY27*FZ27) -> 0 | GE27: =if( GB27=1, if( GC27=1, if( GD27=1, 5, 3), if( GD27=1, 1, -3 ) ), if(GC27=1,if(GD27=1, -1, -2 ), if(GD27=1, 7, 0 ) ) ) -> 0 | GF27: 1 | GG27: =if(GC27=0,GE27,GE27*GF27) -> 0 | GK27: =if( GH27=1, if( GI27=1, if( GJ27=1, 5, 3), if( GJ27=1, 1, -3 ) ), if(GI27=1,if(GJ27=1, -1, -2 ), if(GJ27=1, 7, 0 ) ) ) -> 0 | GL27: 1 | GM27: =if(GI27=0,GK27,GK27*GL27) -> 0 | GQ27: =if( GN27=1, if( GO27=1, if( GP27=1, 5, 3), if( GP27=1, 1, -3 ) ), if(GO27=1,if(GP27=1, -1, -2 ), if(GP27=1, 7, 0 ) ) ) -> 0 | GR27: 1 | GS27: =if(GO27=0,GQ27,GQ27*GR27) -> 0 | GT27: 1 | GU27: 1 | GV27: 1 | GW27: =if( GT27=1, if( GU27=1, if( GV27=1, 5, 3), if( GV27=1, 1, -3 ) ), if(GU27=1,if(GV27=1, -1, -2 ), if(GV27=1, 7, 0 ) ) ) -> 5 | GX27: 1 | GY27: =if(GU27=0,GW27,GW27*GX27) -> 5 | HC27: =if( GZ27=1, if( HA27=1, if( HB27=1, 5, 3), if( HB27=1, 1, -3 ) ), if(HA27=1,if(HB27=1, -1, -2 ), if(HB27=1, 7, 0 ) ) ) -> 0 | HD27: 1 | HE27: =if(HA27=0,HC27,HC27*HD27) -> 0 | HF27: 1 | HG27: 1 | HH27: 1 | HI27: =if( HF27=1, if( HG27=1, if( HH27=1, 5, 3), if( HH27=1, 1, -3 ) ), if(HG27=1,if(HH27=1, -1, -2 ), if(HH27=1, 7, 0 ) ) ) -> 5 | HJ27: 1 | HK27: =if(HG27=0,HI27,HI27*HJ27) -> 5 | HO27: =if( HL27=1, if( HM27=1, if( HN27=1, 5, 3), if( HN27=1, 1, -3 ) ), if(HM27=1,if(HN27=1, -1, -2 ), if(HN27=1, 7, 0 ) ) ) -> 0 | HP27: 1 | HQ27: =if(HM27=0,HO27,HO27*HP27) -> 0 | HU27: =if( HR27=1, if( HS27=1, if( HT27=1, 5, 3), if( HT27=1, 1, -3 ) ), if(HS27=1,if(HT27=1, -1, -2 ), if(HT27=1, 7, 0 ) ) ) -> 0 | HV27: 1 | HW27: =if(HS27=0,HU27,HU27*HV27) -> 0 | IA27: =if( HX27=1, if( HY27=1, if( HZ27=1, 5, 3), if( HZ27=1, 1, -3 ) ), if(HY27=1,if(HZ27=1, -1, -2 ), if(HZ27=1, 7, 0 ) ) ) -> 0 | IB27: 1 | IC27: =if(HY27=0,IA27,IA27*IB27) -> 0 | IG27: =if( ID27=1, if( IE27=1, if( IF27=1, 5, 3), if( IF27=1, 1, -3 ) ), if(IE27=1,if(IF27=1, -1, -2 ), if(IF27=1, 7, 0 ) ) ) -> 0 | IH27: 1 | II27: =if(IE27=0,IG27,IG27*IH27) -> 0 | IM27: =if( IJ27=1, if( IK27=1, if( IL27=1, 5, 3), if( IL27=1, 1, -3 ) ), if(IK27=1,if(IL27=1, -1, -2 ), if(IL27=1, 7, 0 ) ) ) -> 0 | IN27: 1 | IO27: =if(IK27=0,IM27,IM27*IN27) -> 0
A28: David G | C28: =countA($A$6:A28) -> 23 | D28: =VLOOKUP(A28,TDP!A:C,3,FALSE) -> 0.05 | E28: =(1+$D28)*sum($G28,$M28,$Q28,$U28,$AA28,$AG28,$AM28,$AS28,$AY28,$BE28,$BK28,$BQ28,$BW28,$CC28,$CI28,$CO28,$CU28,$DA28,$DG28,$DM28,$DS28,$DY28,$EE28,$EK28,$EQ28,$EW28,$FC28,$FI28,$FO28,$FU28,$GA28,$GG28,$GM28,$GS28,$GY28,$HE28,$HK28,$HQ28,$HW28,$IC28,$II28,$IO28) -> 22.05 | G28: =if(F28=1, 7, 0 ) -> 0 | K28: =if( H28=1, if( I28=1, if( J28=1, 5, 3), if( J28=1, 1, -3 ) ), if(I28=1,if(J28=1, -1, -2 ), if(J28=1, 7, 0 ) ) ) -> 0 | M28: =if(I28=0,K28,K28*L28) -> 0 | Q28: =if( N28=1, if( O28=1, if( P28=1, 5, 3), if( P28=1, 1, -3 ) ), if(O28=1,if(P28=1, -1, -2 ), if(P28=1, 7, 0 ) ) ) -> 0 | U28: =if( R28=1, if( S28=1, if( T28=1, 5, 3), if( T28=1, 1, -3 ) ), if(S28=1,if(T28=1, -1, -2 ), if(T28=1, 7, 0 ) ) ) -> 0 | X28: 1 | Y28: =if( V28=1, if( W28=1, if( X28=1, 5, 3), if( X28=1, 1, -3 ) ), if(W28=1,if(X28=1, -1, -2 ), if(X28=1, 7, 0 ) ) ) -> 7 | AA28: =if(W28=0,Y28,Y28*Z28) -> 7 | AE28: =if( AB28=1, if( AC28=1, if( AD28=1, 5, 3), if( AD28=1, 1, -3 ) ), if(AC28=1,if(AD28=1, -1, -2 ), if(AD28=1, 7, 0 ) ) ) -> 0 | AG28: =if(AC28=0,AE28,AE28*AF28) -> 0 | AK28: =if( AH28=1, if( AI28=1, if( AJ28=1, 5, 3), if( AJ28=1, 1, -3 ) ), if(AI28=1,if(AJ28=1, -1, -2 ), if(AJ28=1, 7, 0 ) ) ) -> 0 | AM28: =if(AI28=0,AK28,AK28*AL28) -> 0 | AQ28: =if( AN28=1, if( AO28=1, if( AP28=1, 5, 3), if( AP28=1, 1, -3 ) ), if(AO28=1,if(AP28=1, -1, -2 ), if(AP28=1, 7, 0 ) ) ) -> 0 | AS28: =if(AO28=0,AQ28,AQ28*AR28) -> 0 | AW28: =if( AT28=1, if( AU28=1, if( AV28=1, 5, 3), if( AV28=1, 1, -3 ) ), if(AU28=1,if(AV28=1, -1, -2 ), if(AV28=1, 7, 0 ) ) ) -> 0 | AY28: =if(AU28=0,AW28,AW28*AX28) -> 0 | BC28: =if( AZ28=1, if( BA28=1, if( BB28=1, 5, 3), if( BB28=1, 1, -3 ) ), if(BA28=1,if(BB28=1, -1, -2 ), if(BB28=1, 7, 0 ) ) ) -> 0 | BE28: =if(BA28=0,BC28,BC28*BD28) -> 0 | BI28: =if( BF28=1, if( BG28=1, if( BH28=1, 5, 3), if( BH28=1, 1, -3 ) ), if(BG28=1,if(BH28=1, -1, -2 ), if(BH28=1, 7, 0 ) ) ) -> 0 | BK28: =if(BG28=0,BI28,BI28*BJ28) -> 0 | BO28: =if( BL28=1, if( BM28=1, if( BN28=1, 5, 3), if( BN28=1, 1, -3 ) ), if(BM28=1,if(BN28=1, -1, -2 ), if(BN28=1, 7, 0 ) ) ) -> 0 | BQ28: =if(BM28=0,BO28,BO28*BP28) -> 0 | BU28: =if( BR28=1, if( BS28=1, if( BT28=1, 5, 3), if( BT28=1, 1, -3 ) ), if(BS28=1,if(BT28=1, -1, -2 ), if(BT28=1, 7, 0 ) ) ) -> 0 | BW28: =if(BS28=0,BU28,BU28*BV28) -> 0 | CA28: =if( BX28=1, if( BY28=1, if( BZ28=1, 5, 3), if( BZ28=1, 1, -3 ) ), if(BY28=1,if(BZ28=1, -1, -2 ), if(BZ28=1, 7, 0 ) ) ) -> 0 | CC28: =if(BY28=0,CA28,CA28*CB28) -> 0 | CG28: =if( CD28=1, if( CE28=1, if( CF28=1, 5, 3), if( CF28=1, 1, -3 ) ), if(CE28=1,if(CF28=1, -1, -2 ), if(CF28=1, 7, 0 ) ) ) -> 0 | CI28: =if(CE28=0,CG28,CG28*CH28) -> 0 | CM28: =if( CJ28=1, if( CK28=1, if( CL28=1, 5, 3), if( CL28=1, 1, -3 ) ), if(CK28=1,if(CL28=1, -1, -2 ), if(CL28=1, 7, 0 ) ) ) -> 0 | CO28: =if(CK28=0,CM28,CM28*CN28) -> 0 | CS28: =if( CP28=1, if( CQ28=1, if( CR28=1, 5, 3), if( CR28=1, 1, -3 ) ), if(CQ28=1,if(CR28=1, -1, -2 ), if(CR28=1, 7, 0 ) ) ) -> 0 | CU28: =if(CQ28=0,CS28,CS28*CT28) -> 0 | CY28: =if( CV28=1, if( CW28=1, if( CX28=1, 5, 3), if( CX28=1, 1, -3 ) ), if(CW28=1,if(CX28=1, -1, -2 ), if(CX28=1, 7, 0 ) ) ) -> 0 | DA28: =if(CW28=0,CY28,CY28*CZ28) -> 0 | DE28: =if( DB28=1, if( DC28=1, if( DD28=1, 5, 3), if( DD28=1, 1, -3 ) ), if(DC28=1,if(DD28=1, -1, -2 ), if(DD28=1, 7, 0 ) ) ) -> 0 | DF28: 1 | DG28: =if(DC28=0,DE28,DE28*DF28) -> 0 | DK28: =if( DH28=1, if( DI28=1, if( DJ28=1, 5, 3), if( DJ28=1, 1, -3 ) ), if(DI28=1,if(DJ28=1, -1, -2 ), if(DJ28=1, 7, 0 ) ) ) -> 0 | DL28: 1 | DM28: =if(DI28=0,DK28,DK28*DL28) -> 0 | DQ28: =if( DN28=1, if( DO28=1, if( DP28=1, 5, 3), if( DP28=1, 1, -3 ) ), if(DO28=1,if(DP28=1, -1, -2 ), if(DP28=1, 7, 0 ) ) ) -> 0 | DR28: 1 | DS28: =if(DO28=0,DQ28,DQ28*DR28) -> 0 | DW28: =if( DT28=1, if( DU28=1, if( DV28=1, 5, 3), if( DV28=1, 1, -3 ) ), if(DU28=1,if(DV28=1, -1, -2 ), if(DV28=1, 7, 0 ) ) ) -> 0 | DX28: 1 | DY28: =if(DU28=0,DW28,DW28*DX28) -> 0 | EC28: =if( DZ28=1, if( EA28=1, if( EB28=1, 5, 3), if( EB28=1, 1, -3 ) ), if(EA28=1,if(EB28=1, -1, -2 ), if(EB28=1, 7, 0 ) ) ) -> 0 | ED28: 1 | EE28: =if(EA28=0,EC28,EC28*ED28) -> 0 | EI28: =if( EF28=1, if( EG28=1, if( EH28=1, 5, 3), if( EH28=1, 1, -3 ) ), if(EG28=1,if(EH28=1, -1, -2 ), if(EH28=1, 7, 0 ) ) ) -> 0 | EJ28: 1 | EK28: =if(EG28=0,EI28,EI28*EJ28) -> 0 | EO28: =if( EL28=1, if( EM28=1, if( EN28=1, 5, 3), if( EN28=1, 1, -3 ) ), if(EM28=1,if(EN28=1, -1, -2 ), if(EN28=1, 7, 0 ) ) ) -> 0 | EP28: 1 | EQ28: =if(EM28=0,EO28,EO28*EP28) -> 0 | EU28: =if( ER28=1, if( ES28=1, if( ET28=1, 5, 3), if( ET28=1, 1, -3 ) ), if(ES28=1,if(ET28=1, -1, -2 ), if(ET28=1, 7, 0 ) ) ) -> 0 | EV28: 1 | EW28: =if(ES28=0,EU28,EU28*EV28) -> 0 | FA28: =if( EX28=1, if( EY28=1, if( EZ28=1, 5, 3), if( EZ28=1, 1, -3 ) ), if(EY28=1,if(EZ28=1, -1, -2 ), if(EZ28=1, 7, 0 ) ) ) -> 0 | FB28: 1 | FC28: =if(EY28=0,FA28,FA28*FB28) -> 0 | FG28: =if( FD28=1, if( FE28=1, if( FF28=1, 5, 3), if( FF28=1, 1, -3 ) ), if(FE28=1,if(FF28=1, -1, -2 ), if(FF28=1, 7, 0 ) ) ) -> 0 | FH28: 1 | FI28: =if(FE28=0,FG28,FG28*FH28) -> 0 | FM28: =if( FJ28=1, if( FK28=1, if( FL28=1, 5, 3), if( FL28=1, 1, -3 ) ), if(FK28=1,if(FL28=1, -1, -2 ), if(FL28=1, 7, 0 ) ) ) -> 0 | FN28: 1 | FO28: =if(FK28=0,FM28,FM28*FN28) -> 0 | FS28: =if( FP28=1, if( FQ28=1, if( FR28=1, 5, 3), if( FR28=1, 1, -3 ) ), if(FQ28=1,if(FR28=1, -1, -2 ), if(FR28=1, 7, 0 ) ) ) -> 0 | FT28: 1 | FU28: =if(FQ28=0,FS28,FS28*FT28) -> 0 | FY28: =if( FV28=1, if( FW28=1, if( FX28=1, 5, 3), if( FX28=1, 1, -3 ) ), if(FW28=1,if(FX28=1, -1, -2 ), if(FX28=1, 7, 0 ) ) ) -> 0 | FZ28: 1 | GA28: =if(FW28=0,FY28,FY28*FZ28) -> 0 | GE28: =if( GB28=1, if( GC28=1, if( GD28=1, 5, 3), if( GD28=1, 1, -3 ) ), if(GC28=1,if(GD28=1, -1, -2 ), if(GD28=1, 7, 0 ) ) ) -> 0 | GF28: 1 | GG28: =if(GC28=0,GE28,GE28*GF28) -> 0 | GK28: =if( GH28=1, if( GI28=1, if( GJ28=1, 5, 3), if( GJ28=1, 1, -3 ) ), if(GI28=1,if(GJ28=1, -1, -2 ), if(GJ28=1, 7, 0 ) ) ) -> 0 | GL28: 1 | GM28: =if(GI28=0,GK28,GK28*GL28) -> 0 | GQ28: =if( GN28=1, if( GO28=1, if( GP28=1, 5, 3), if( GP28=1, 1, -3 ) ), if(GO28=1,if(GP28=1, -1, -2 ), if(GP28=1, 7, 0 ) ) ) -> 0 | GR28: 1 | GS28: =if(GO28=0,GQ28,GQ28*GR28) -> 0 | GV28: 1 | GW28: =if( GT28=1, if( GU28=1, if( GV28=1, 5, 3), if( GV28=1, 1, -3 ) ), if(GU28=1,if(GV28=1, -1, -2 ), if(GV28=1, 7, 0 ) ) ) -> 7 | GX28: 1 | GY28: =if(GU28=0,GW28,GW28*GX28) -> 7 | HC28: =if( GZ28=1, if( HA28=1, if( HB28=1, 5, 3), if( HB28=1, 1, -3 ) ), if(HA28=1,if(HB28=1, -1, -2 ), if(HB28=1, 7, 0 ) ) ) -> 0 | HD28: 1 | HE28: =if(HA28=0,HC28,HC28*HD28) -> 0 | HH28: 1 | HI28: =if( HF28=1, if( HG28=1, if( HH28=1, 5, 3), if( HH28=1, 1, -3 ) ), if(HG28=1,if(HH28=1, -1, -2 ), if(HH28=1, 7, 0 ) ) ) -> 7 | HJ28: 1 | HK28: =if(HG28=0,HI28,HI28*HJ28) -> 7 | HO28: =if( HL28=1, if( HM28=1, if( HN28=1, 5, 3), if( HN28=1, 1, -3 ) ), if(HM28=1,if(HN28=1, -1, -2 ), if(HN28=1, 7, 0 ) ) ) -> 0 | HP28: 1 | HQ28: =if(HM28=0,HO28,HO28*HP28) -> 0 | HU28: =if( HR28=1, if( HS28=1, if( HT28=1, 5, 3), if( HT28=1, 1, -3 ) ), if(HS28=1,if(HT28=1, -1, -2 ), if(HT28=1, 7, 0 ) ) ) -> 0 | HV28: 1 | HW28: =if(HS28=0,HU28,HU28*HV28) -> 0 | IA28: =if( HX28=1, if( HY28=1, if( HZ28=1, 5, 3), if( HZ28=1, 1, -3 ) ), if(HY28=1,if(HZ28=1, -1, -2 ), if(HZ28=1, 7, 0 ) ) ) -> 0 | IB28: 1 | IC28: =if(HY28=0,IA28,IA28*IB28) -> 0 | IG28: =if( ID28=1, if( IE28=1, if( IF28=1, 5, 3), if( IF28=1, 1, -3 ) ), if(IE28=1,if(IF28=1, -1, -2 ), if(IF28=1, 7, 0 ) ) ) -> 0 | IH28: 1 | II28: =if(IE28=0,IG28,IG28*IH28) -> 0 | IM28: =if( IJ28=1, if( IK28=1, if( IL28=1, 5, 3), if( IL28=1, 1, -3 ) ), if(IK28=1,if(IL28=1, -1, -2 ), if(IL28=1, 7, 0 ) ) ) -> 0 | IN28: 1 | IO28: =if(IK28=0,IM28,IM28*IN28) -> 0
A29: Lewis | C29: =countA($A$6:A29) -> 24 | D29: =VLOOKUP(A29,TDP!A:C,3,FALSE) -> 0.25 | E29: =(1+$D29)*sum($G29,$M29,$Q29,$U29,$AA29,$AG29,$AM29,$AS29,$AY29,$BE29,$BK29,$BQ29,$BW29,$CC29,$CI29,$CO29,$CU29,$DA29,$DG29,$DM29,$DS29,$DY29,$EE29,$EK29,$EQ29,$EW29,$FC29,$FI29,$FO29,$FU29,$GA29,$GG29,$GM29,$GS29,$GY29,$HE29,$HK29,$HQ29,$HW29,$IC29,$II29,$IO29) -> 18.75 | G29: =if(F29=1, 7, 0 ) -> 0 | K29: =if( H29=1, if( I29=1, if( J29=1, 5, 3), if( J29=1, 1, -3 ) ), if(I29=1,if(J29=1, -1, -2 ), if(J29=1, 7, 0 ) ) ) -> 0 | M29: =if(I29=0,K29,K29*L29) -> 0 | Q29: =if( N29=1, if( O29=1, if( P29=1, 5, 3), if( P29=1, 1, -3 ) ), if(O29=1,if(P29=1, -1, -2 ), if(P29=1, 7, 0 ) ) ) -> 0 | U29: =if( R29=1, if( S29=1, if( T29=1, 5, 3), if( T29=1, 1, -3 ) ), if(S29=1,if(T29=1, -1, -2 ), if(T29=1, 7, 0 ) ) ) -> 0 | Y29: =if( V29=1, if( W29=1, if( X29=1, 5, 3), if( X29=1, 1, -3 ) ), if(W29=1,if(X29=1, -1, -2 ), if(X29=1, 7, 0 ) ) ) -> 0 | AA29: =if(W29=0,Y29,Y29*Z29) -> 0 | AE29: =if( AB29=1, if( AC29=1, if( AD29=1, 5, 3), if( AD29=1, 1, -3 ) ), if(AC29=1,if(AD29=1, -1, -2 ), if(AD29=1, 7, 0 ) ) ) -> 0 | AG29: =if(AC29=0,AE29,AE29*AF29) -> 0 | AK29: =if( AH29=1, if( AI29=1, if( AJ29=1, 5, 3), if( AJ29=1, 1, -3 ) ), if(AI29=1,if(AJ29=1, -1, -2 ), if(AJ29=1, 7, 0 ) ) ) -> 0 | AM29: =if(AI29=0,AK29,AK29*AL29) -> 0 | AQ29: =if( AN29=1, if( AO29=1, if( AP29=1, 5, 3), if( AP29=1, 1, -3 ) ), if(AO29=1,if(AP29=1, -1, -2 ), if(AP29=1, 7, 0 ) ) ) -> 0 | AS29: =if(AO29=0,AQ29,AQ29*AR29) -> 0 | AW29: =if( AT29=1, if( AU29=1, if( AV29=1, 5, 3), if( AV29=1, 1, -3 ) ), if(AU29=1,if(AV29=1, -1, -2 ), if(AV29=1, 7, 0 ) ) ) -> 0 | AY29: =if(AU29=0,AW29,AW29*AX29) -> 0 | BC29: =if( AZ29=1, if( BA29=1, if( BB29=1, 5, 3), if( BB29=1, 1, -3 ) ), if(BA29=1,if(BB29=1, -1, -2 ), if(BB29=1, 7, 0 ) ) ) -> 0 | BE29: =if(BA29=0,BC29,BC29*BD29) -> 0 | BI29: =if( BF29=1, if( BG29=1, if( BH29=1, 5, 3), if( BH29=1, 1, -3 ) ), if(BG29=1,if(BH29=1, -1, -2 ), if(BH29=1, 7, 0 ) ) ) -> 0 | BK29: =if(BG29=0,BI29,BI29*BJ29) -> 0 | BO29: =if( BL29=1, if( BM29=1, if( BN29=1, 5, 3), if( BN29=1, 1, -3 ) ), if(BM29=1,if(BN29=1, -1, -2 ), if(BN29=1, 7, 0 ) ) ) -> 0 | BQ29: =if(BM29=0,BO29,BO29*BP29) -> 0 | BU29: =if( BR29=1, if( BS29=1, if( BT29=1, 5, 3), if( BT29=1, 1, -3 ) ), if(BS29=1,if(BT29=1, -1, -2 ), if(BT29=1, 7, 0 ) ) ) -> 0 | BW29: =if(BS29=0,BU29,BU29*BV29) -> 0 | CA29: =if( BX29=1, if( BY29=1, if( BZ29=1, 5, 3), if( BZ29=1, 1, -3 ) ), if(BY29=1,if(BZ29=1, -1, -2 ), if(BZ29=1, 7, 0 ) ) ) -> 0 | CC29: =if(BY29=0,CA29,CA29*CB29) -> 0 | CG29: =if( CD29=1, if( CE29=1, if( CF29=1, 5, 3), if( CF29=1, 1, -3 ) ), if(CE29=1,if(CF29=1, -1, -2 ), if(CF29=1, 7, 0 ) ) ) -> 0 | CI29: =if(CE29=0,CG29,CG29*CH29) -> 0 | CM29: =if( CJ29=1, if( CK29=1, if( CL29=1, 5, 3), if( CL29=1, 1, -3 ) ), if(CK29=1,if(CL29=1, -1, -2 ), if(CL29=1, 7, 0 ) ) ) -> 0 | CO29: =if(CK29=0,CM29,CM29*CN29) -> 0 | CS29: =if( CP29=1, if( CQ29=1, if( CR29=1, 5, 3), if( CR29=1, 1, -3 ) ), if(CQ29=1,if(CR29=1, -1, -2 ), if(CR29=1, 7, 0 ) ) ) -> 0 | CU29: =if(CQ29=0,CS29,CS29*CT29) -> 0 | CY29: =if( CV29=1, if( CW29=1, if( CX29=1, 5, 3), if( CX29=1, 1, -3 ) ), if(CW29=1,if(CX29=1, -1, -2 ), if(CX29=1, 7, 0 ) ) ) -> 0 | DA29: =if(CW29=0,CY29,CY29*CZ29) -> 0 | DD29: 1 | DE29: =if( DB29=1, if( DC29=1, if( DD29=1, 5, 3), if( DD29=1, 1, -3 ) ), if(DC29=1,if(DD29=1, -1, -2 ), if(DD29=1, 7, 0 ) ) ) -> 7 | DF29: 1 | DG29: =if(DC29=0,DE29,DE29*DF29) -> 7 | DH29: 1 | DI29: 1 | DK29: =if( DH29=1, if( DI29=1, if( DJ29=1, 5, 3), if( DJ29=1, 1, -3 ) ), if(DI29=1,if(DJ29=1, -1, -2 ), if(DJ29=1, 7, 0 ) ) ) -> 3 | DL29: 1 | DM29: =if(DI29=0,DK29,DK29*DL29) -> 3 | DQ29: =if( DN29=1, if( DO29=1, if( DP29=1, 5, 3), if( DP29=1, 1, -3 ) ), if(DO29=1,if(DP29=1, -1, -2 ), if(DP29=1, 7, 0 ) ) ) -> 0 | DR29: 1 | DS29: =if(DO29=0,DQ29,DQ29*DR29) -> 0 | DW29: =if( DT29=1, if( DU29=1, if( DV29=1, 5, 3), if( DV29=1, 1, -3 ) ), if(DU29=1,if(DV29=1, -1, -2 ), if(DV29=1, 7, 0 ) ) ) -> 0 | DX29: 1 | DY29: =if(DU29=0,DW29,DW29*DX29) -> 0 | EC29: =if( DZ29=1, if( EA29=1, if( EB29=1, 5, 3), if( EB29=1, 1, -3 ) ), if(EA29=1,if(EB29=1, -1, -2 ), if(EB29=1, 7, 0 ) ) ) -> 0 | ED29: 1 | EE29: =if(EA29=0,EC29,EC29*ED29) -> 0 | EF29: 1 | EG29: 1 | EH29: 1 | EI29: =if( EF29=1, if( EG29=1, if( EH29=1, 5, 3), if( EH29=1, 1, -3 ) ), if(EG29=1,if(EH29=1, -1, -2 ), if(EH29=1, 7, 0 ) ) ) -> 5 | EJ29: 1 | EK29: =if(EG29=0,EI29,EI29*EJ29) -> 5 | EO29: =if( EL29=1, if( EM29=1, if( EN29=1, 5, 3), if( EN29=1, 1, -3 ) ), if(EM29=1,if(EN29=1, -1, -2 ), if(EN29=1, 7, 0 ) ) ) -> 0 | EP29: 1 | EQ29: =if(EM29=0,EO29,EO29*EP29) -> 0 | EU29: =if( ER29=1, if( ES29=1, if( ET29=1, 5, 3), if( ET29=1, 1, -3 ) ), if(ES29=1,if(ET29=1, -1, -2 ), if(ET29=1, 7, 0 ) ) ) -> 0 | EV29: 1 | EW29: =if(ES29=0,EU29,EU29*EV29) -> 0 | FA29: =if( EX29=1, if( EY29=1, if( EZ29=1, 5, 3), if( EZ29=1, 1, -3 ) ), if(EY29=1,if(EZ29=1, -1, -2 ), if(EZ29=1, 7, 0 ) ) ) -> 0 | FB29: 1 | FC29: =if(EY29=0,FA29,FA29*FB29) -> 0 | FG29: =if( FD29=1, if( FE29=1, if( FF29=1, 5, 3), if( FF29=1, 1, -3 ) ), if(FE29=1,if(FF29=1, -1, -2 ), if(FF29=1, 7, 0 ) ) ) -> 0 | FH29: 1 | FI29: =if(FE29=0,FG29,FG29*FH29) -> 0 | FM29: =if( FJ29=1, if( FK29=1, if( FL29=1, 5, 3), if( FL29=1, 1, -3 ) ), if(FK29=1,if(FL29=1, -1, -2 ), if(FL29=1, 7, 0 ) ) ) -> 0 | FN29: 1 | FO29: =if(FK29=0,FM29,FM29*FN29) -> 0 | FS29: =if( FP29=1, if( FQ29=1, if( FR29=1, 5, 3), if( FR29=1, 1, -3 ) ), if(FQ29=1,if(FR29=1, -1, -2 ), if(FR29=1, 7, 0 ) ) ) -> 0 | FT29: 1 | FU29: =if(FQ29=0,FS29,FS29*FT29) -> 0 | FY29: =if( FV29=1, if( FW29=1, if( FX29=1, 5, 3), if( FX29=1, 1, -3 ) ), if(FW29=1,if(FX29=1, -1, -2 ), if(FX29=1, 7, 0 ) ) ) -> 0 | FZ29: 1 | GA29: =if(FW29=0,FY29,FY29*FZ29) -> 0 | GE29: =if( GB29=1, if( GC29=1, if( GD29=1, 5, 3), if( GD29=1, 1, -3 ) ), if(GC29=1,if(GD29=1, -1, -2 ), if(GD29=1, 7, 0 ) ) ) -> 0 | GF29: 1 | GG29: =if(GC29=0,GE29,GE29*GF29) -> 0 | GK29: =if( GH29=1, if( GI29=1, if( GJ29=1, 5, 3), if( GJ29=1, 1, -3 ) ), if(GI29=1,if(GJ29=1, -1, -2 ), if(GJ29=1, 7, 0 ) ) ) -> 0 | GL29: 1 | GM29: =if(GI29=0,GK29,GK29*GL29) -> 0 | GQ29: =if( GN29=1, if( GO29=1, if( GP29=1, 5, 3), if( GP29=1, 1, -3 ) ), if(GO29=1,if(GP29=1, -1, -2 ), if(GP29=1, 7, 0 ) ) ) -> 0 | GR29: 1 | GS29: =if(GO29=0,GQ29,GQ29*GR29) -> 0 | GW29: =if( GT29=1, if( GU29=1, if( GV29=1, 5, 3), if( GV29=1, 1, -3 ) ), if(GU29=1,if(GV29=1, -1, -2 ), if(GV29=1, 7, 0 ) ) ) -> 0 | GX29: 1 | GY29: =if(GU29=0,GW29,GW29*GX29) -> 0 | HC29: =if( GZ29=1, if( HA29=1, if( HB29=1, 5, 3), if( HB29=1, 1, -3 ) ), if(HA29=1,if(HB29=1, -1, -2 ), if(HB29=1, 7, 0 ) ) ) -> 0 | HD29: 1 | HE29: =if(HA29=0,HC29,HC29*HD29) -> 0 | HI29: =if( HF29=1, if( HG29=1, if( HH29=1, 5, 3), if( HH29=1, 1, -3 ) ), if(HG29=1,if(HH29=1, -1, -2 ), if(HH29=1, 7, 0 ) ) ) -> 0 | HJ29: 1 | HK29: =if(HG29=0,HI29,HI29*HJ29) -> 0 | HO29: =if( HL29=1, if( HM29=1, if( HN29=1, 5, 3), if( HN29=1, 1, -3 ) ), if(HM29=1,if(HN29=1, -1, -2 ), if(HN29=1, 7, 0 ) ) ) -> 0 | HP29: 1 | HQ29: =if(HM29=0,HO29,HO29*HP29) -> 0 | HU29: =if( HR29=1, if( HS29=1, if( HT29=1, 5, 3), if( HT29=1, 1, -3 ) ), if(HS29=1,if(HT29=1, -1, -2 ), if(HT29=1, 7, 0 ) ) ) -> 0 | HV29: 1 | HW29: =if(HS29=0,HU29,HU29*HV29) -> 0 | IA29: =if( HX29=1, if( HY29=1, if( HZ29=1, 5, 3), if( HZ29=1, 1, -3 ) ), if(HY29=1,if(HZ29=1, -1, -2 ), if(HZ29=1, 7, 0 ) ) ) -> 0 | IB29: 1 | IC29: =if(HY29=0,IA29,IA29*IB29) -> 0 | IG29: =if( ID29=1, if( IE29=1, if( IF29=1, 5, 3), if( IF29=1, 1, -3 ) ), if(IE29=1,if(IF29=1, -1, -2 ), if(IF29=1, 7, 0 ) ) ) -> 0 | IH29: 1 | II29: =if(IE29=0,IG29,IG29*IH29) -> 0 | IM29: =if( IJ29=1, if( IK29=1, if( IL29=1, 5, 3), if( IL29=1, 1, -3 ) ), if(IK29=1,if(IL29=1, -1, -2 ), if(IL29=1, 7, 0 ) ) ) -> 0 | IN29: 1 | IO29: =if(IK29=0,IM29,IM29*IN29) -> 0
